-- Insert sample data into the Categories table
INSERT INTO Categories (CategoryName, Description) VALUES ('Beverages', 'Soft drinks, coffees, teas, beers, and ales.');
INSERT INTO Categories (CategoryName, Description) VALUES ('Condiments', 'Sweet and savory sauces, relishes, spreads, and seasonings.');
INSERT INTO Categories (CategoryName, Description) VALUES ('Confections', 'Desserts, candies, and sweet breads.');
INSERT INTO Categories (CategoryName, Description) VALUES ('Dairy Products', 'Cheeses and other dairy products.');
INSERT INTO Categories (CategoryName, Description) VALUES ('Grains Cereals', 'Breads, crackers, pasta, and cereal.');
INSERT INTO Categories (CategoryName, Description) VALUES ('Meat Poultry', 'Prepared meats.');
INSERT INTO Categories (CategoryName, Description) VALUES ('Produce', 'Dried fruit and bean curd.');
INSERT INTO Categories (CategoryName, Description) VALUES ('Seafood', 'Seaweed and fish.');
INSERT INTO Categories (CategoryName, Description) VALUES ('Snacks', 'Chips, popcorn, and other snack foods.');
INSERT INTO Categories (CategoryName, Description) VALUES ('Frozen Foods', 'Frozen meals, vegetables, and desserts.');
INSERT INTO Categories (CategoryName, Description) VALUES ('Baking Goods', 'Flours, sugars, and baking mixes.');
INSERT INTO Categories (CategoryName, Description) VALUES ('Personal Care', 'Shampoos, soaps, and other personal care products.');
INSERT INTO Categories (CategoryName, Description) VALUES ('Household Supplies', 'Cleaning supplies, paper products, and laundry detergents.');
INSERT INTO Categories (CategoryName, Description) VALUES ('Pet Supplies', 'Food and accessories for pets.');
INSERT INTO Categories (CategoryName, Description) VALUES ('Health and Wellness', 'Vitamins, supplements, and health products.');
INSERT INTO Categories (CategoryName, Description) VALUES ('Baby Products', 'Diapers, baby food, and infant care items.');
INSERT INTO Categories (CategoryName, Description) VALUES ('Organic Foods', 'Foods made with organic ingredients.');
INSERT INTO Categories (CategoryName, Description) VALUES ('Beverage Mixes', 'Powdered and liquid drink mixes.');
INSERT INTO Categories (CategoryName, Description) VALUES ('International Foods', 'Specialty foods from different cuisines.');
INSERT INTO Categories (CategoryName, Description) VALUES ('Canned Goods', 'Canned vegetables, fruits, and soups.');
INSERT INTO Categories (CategoryName, Description) VALUES ('Ready-to-Eat Meals', 'Pre-packaged meals that are ready to eat.');
INSERT INTO Categories (CategoryName, Description) VALUES ('Gluten-Free Products', 'Foods suitable for a gluten-free diet.');


-- Insert sample data into the Suppliers table
INSERT INTO Suppliers (SupplierName, ContactName, Phone, Email, Address) 
VALUES ('Beverage Distributors Co.', 'John Smith', '123-456-7890', 'john.smith@beveragedist.com', '123 Beverage Lane, New York, NY, USA');

INSERT INTO Suppliers (SupplierName, ContactName, Phone, Email, Address) 
VALUES ('Global Condiments Ltd.', 'Sarah Johnson', '234-567-8901', 'sarah.johnson@globalcondiments.com', '456 Condiment Street, Chicago, IL, USA');

INSERT INTO Suppliers (SupplierName, ContactName, Phone, Email, Address) 
VALUES ('Sweet Treats Inc.', 'Emily Davis', '345-678-9012', 'emily.davis@sweettreats.com', '789 Confection Road, San Francisco, CA, USA');

INSERT INTO Suppliers (SupplierName, ContactName, Phone, Email, Address) 
VALUES ('Dairy Farms LLC', 'Michael Brown', '456-789-0123', 'michael.brown@dairyfarms.com', '101 Dairy Avenue, Madison, WI, USA');

INSERT INTO Suppliers (SupplierName, ContactName, Phone, Email, Address) 
VALUES ('Grain Supplies Corp.', 'Laura Wilson', '567-890-1234', 'laura.wilson@grainsupplies.com', '202 Grain Boulevard, Omaha, NE, USA');

INSERT INTO Suppliers (SupplierName, ContactName, Phone, Email, Address) 
VALUES ('Fresh Meats Co.', 'David Martinez', '678-901-2345', 'david.martinez@freshmeats.com', '303 Meat Street, Dallas, TX, USA');

INSERT INTO Suppliers (SupplierName, ContactName, Phone, Email, Address) 
VALUES ('Organic Produce LLC', 'Jessica Garcia', '789-012-3456', 'jessica.garcia@organicproduce.com', '404 Produce Avenue, Seattle, WA, USA');

INSERT INTO Suppliers (SupplierName, ContactName, Phone, Email, Address) 
VALUES ('Ocean Catch Inc.', 'Daniel Lee', '890-123-4567', 'daniel.lee@oceancatch.com', '505 Seafood Lane, Miami, FL, USA');

INSERT INTO Suppliers (SupplierName, ContactName, Phone, Email, Address) 
VALUES ('Snack Time Co.', 'Karen Taylor', '901-234-5678', 'karen.taylor@snacktime.com', '606 Snack Road, Denver, CO, USA');

INSERT INTO Suppliers (SupplierName, ContactName, Phone, Email, Address) 
VALUES ('Frozen Delights Ltd.', 'Andrew Robinson', '012-345-6789', 'andrew.robinson@frozendelights.com', '707 Frozen Way, Boston, MA, USA');

INSERT INTO Suppliers (SupplierName, ContactName, Phone, Email, Address) 
VALUES ('Baking Supplies Inc.', 'Sophia Clark', '123-456-7890', 'sophia.clark@bakingsupplies.com', '808 Baking Lane, Portland, OR, USA');

INSERT INTO Suppliers (SupplierName, ContactName, Phone, Email, Address) 
VALUES ('Personal Care Products Co.', 'Ryan Hall', '234-567-8901', 'ryan.hall@personalcare.com', '909 Care Street, Austin, TX, USA');

INSERT INTO Suppliers (SupplierName, ContactName, Phone, Email, Address) 
VALUES ('Household Essentials Ltd.', 'Megan Allen', '345-678-9012', 'megan.allen@householdessentials.com', '1010 Supply Drive, Phoenix, AZ, USA');

INSERT INTO Suppliers (SupplierName, ContactName, Phone, Email, Address) 
VALUES ('Pet Lovers Supplies', 'Joshua Wright', '456-789-0123', 'joshua.wright@petlovers.com', '111 Pet Lane, San Diego, CA, USA');

INSERT INTO Suppliers (SupplierName, ContactName, Phone, Email, Address) 
VALUES ('Health and Wellness Co.', 'Natalie King', '567-890-1234', 'natalie.king@healthandwellness.com', '222 Wellness Road, Salt Lake City, UT, USA');

INSERT INTO Suppliers (SupplierName, ContactName, Phone, Email, Address) 
VALUES ('Baby Care Supplies', 'Samuel Scott', '678-901-2345', 'samuel.scott@babycaresupplies.com', '333 Baby Drive, Minneapolis, MN, USA');

INSERT INTO Suppliers (SupplierName, ContactName, Phone, Email, Address) 
VALUES ('Organic Farmers Ltd.', 'Victoria Adams', '789-012-3456', 'victoria.adams@organicfarmers.com', '444 Organic Road, Atlanta, GA, USA');

INSERT INTO Suppliers (SupplierName, ContactName, Phone, Email, Address) 
VALUES ('Drink Mix Specialists', 'Benjamin Lopez', '890-123-4567', 'benjamin.lopez@drinkmix.com', '555 Mix Lane, Detroit, MI, USA');

INSERT INTO Suppliers (SupplierName, ContactName, Phone, Email, Address) 
VALUES ('International Foods Inc.', 'Hannah Hill', '901-234-5678', 'hannah.hill@intlfoods.com', '666 Cuisine Street, Houston, TX, USA');

INSERT INTO Suppliers (SupplierName, ContactName, Phone, Email, Address) 
VALUES ('Canned Goods Co.', 'Christopher Green', '012-345-6789', 'christopher.green@cannedgoods.com', '777 Can Road, Memphis, TN, USA');


-- Insert sample data into the Customers table
INSERT INTO Customers (FirstName, LastName, Email, Phone, Address, MembershipDate) 
VALUES ('James', 'Anderson', 'james.anderson@gmail.com', '555-101-1234', '100 Maple Street, Springfield, IL, USA', TO_DATE('2023-01-15', 'YYYY-MM-DD'));

INSERT INTO Customers (FirstName, LastName, Email, Phone, Address, MembershipDate) 
VALUES ('Mary', 'Johnson', 'mary.johnson@yahoo.com', '555-102-2345', '200 Oak Avenue, Columbus, OH, USA', TO_DATE('2022-07-10', 'YYYY-MM-DD'));

INSERT INTO Customers (FirstName, LastName, Email, Phone, Address, MembershipDate) 
VALUES ('Robert', 'Williams', 'robert.williams@hotmail.com', '555-103-3456', '300 Pine Road, Madison, WI, USA', TO_DATE('2023-05-05', 'YYYY-MM-DD'));

INSERT INTO Customers (FirstName, LastName, Email, Phone, Address, MembershipDate) 
VALUES ('Patricia', 'Brown', 'patricia.brown@outlook.com', '555-104-4567', '400 Cedar Drive, Denver, CO, USA', TO_DATE('2022-12-20', 'YYYY-MM-DD'));

INSERT INTO Customers (FirstName, LastName, Email, Phone, Address, MembershipDate) 
VALUES ('John', 'Jones', 'john.jones@aol.com', '555-105-5678', '500 Birch Lane, Seattle, WA, USA', TO_DATE('2021-09-15', 'YYYY-MM-DD'));

INSERT INTO Customers (FirstName, LastName, Email, Phone, Address, MembershipDate) 
VALUES ('Jennifer', 'Garcia', 'jennifer.garcia@gmail.com', '555-106-6789', '600 Elm Street, Boston, MA, USA', TO_DATE('2023-02-18', 'YYYY-MM-DD'));

INSERT INTO Customers (FirstName, LastName, Email, Phone, Address, MembershipDate) 
VALUES ('Michael', 'Martinez', 'michael.martinez@yahoo.com', '555-107-7890', '700 Aspen Court, Phoenix, AZ, USA', TO_DATE('2023-03-25', 'YYYY-MM-DD'));

INSERT INTO Customers (FirstName, LastName, Email, Phone, Address, MembershipDate) 
VALUES ('Linda', 'Rodriguez', 'linda.rodriguez@hotmail.com', '555-108-8901', '800 Walnut Circle, Orlando, FL, USA', TO_DATE('2021-06-30', 'YYYY-MM-DD'));

INSERT INTO Customers (FirstName, LastName, Email, Phone, Address, MembershipDate) 
VALUES ('David', 'Lee', 'david.lee@outlook.com', '555-109-9012', '900 Cedar Boulevard, Austin, TX, USA', TO_DATE('2022-08-12', 'YYYY-MM-DD'));

INSERT INTO Customers (FirstName, LastName, Email, Phone, Address, MembershipDate) 
VALUES ('Barbara', 'Wilson', 'barbara.wilson@aol.com', '555-110-0123', '1000 Willow Avenue, Portland, OR, USA', TO_DATE('2023-04-05', 'YYYY-MM-DD'));

INSERT INTO Customers (FirstName, LastName, Email, Phone, Address, MembershipDate) 
VALUES ('William', 'Clark', 'william.clark@gmail.com', '555-111-1234', '1100 Maple Street, Sacramento, CA, USA', TO_DATE('2023-06-20', 'YYYY-MM-DD'));

INSERT INTO Customers (FirstName, LastName, Email, Phone, Address, MembershipDate) 
VALUES ('Elizabeth', 'Walker', 'elizabeth.walker@yahoo.com', '555-112-2345', '1200 Poplar Lane, Atlanta, GA, USA', TO_DATE('2022-01-11', 'YYYY-MM-DD'));

INSERT INTO Customers (FirstName, LastName, Email, Phone, Address, MembershipDate) 
VALUES ('Charles', 'Hall', 'charles.hall@hotmail.com', '555-113-3456', '1300 Magnolia Drive, Charlotte, NC, USA', TO_DATE('2021-04-27', 'YYYY-MM-DD'));

INSERT INTO Customers (FirstName, LastName, Email, Phone, Address, MembershipDate) 
VALUES ('Susan', 'Young', 'susan.young@outlook.com', '555-114-4567', '1400 Cypress Road, Houston, TX, USA', TO_DATE('2022-09-09', 'YYYY-MM-DD'));

INSERT INTO Customers (FirstName, LastName, Email, Phone, Address, MembershipDate) 
VALUES ('Joseph', 'Allen', 'joseph.allen@aol.com', '555-115-5678', '1500 Juniper Street, Miami, FL, USA', TO_DATE('2023-07-04', 'YYYY-MM-DD'));

INSERT INTO Customers (FirstName, LastName, Email, Phone, Address, MembershipDate) 
VALUES ('Karen', 'Harris', 'karen.harris@gmail.com', '555-116-6789', '1600 Pine Grove, San Antonio, TX, USA', TO_DATE('2023-09-15', 'YYYY-MM-DD'));

INSERT INTO Customers (FirstName, LastName, Email, Phone, Address, MembershipDate) 
VALUES ('Thomas', 'Moore', 'thomas.moore@yahoo.com', '555-117-7890', '1700 Chestnut Way, Las Vegas, NV, USA', TO_DATE('2023-10-01', 'YYYY-MM-DD'));

INSERT INTO Customers (FirstName, LastName, Email, Phone, Address, MembershipDate) 
VALUES ('Nancy', 'Jackson', 'nancy.jackson@hotmail.com', '555-118-8901', '1800 Dogwood Trail, Nashville, TN, USA', TO_DATE('2021-11-08', 'YYYY-MM-DD'));

INSERT INTO Customers (FirstName, LastName, Email, Phone, Address, MembershipDate) 
VALUES ('Christopher', 'White', 'christopher.white@outlook.com', '555-119-9012', '1900 Aspen Street, Kansas City, MO, USA', TO_DATE('2022-02-14', 'YYYY-MM-DD'));

INSERT INTO Customers (FirstName, LastName, Email, Phone, Address, MembershipDate) 
VALUES ('Sarah', 'Martinez', 'sarah.martinez@aol.com', '555-120-0123', '2000 Birch Boulevard, Albuquerque, NM, USA', TO_DATE('2023-08-22', 'YYYY-MM-DD'));

INSERT INTO Customers (FirstName, LastName, Email, Phone, Address, MembershipDate) 
VALUES ('Brian', 'King', 'brian.king@gmail.com', '555-121-1234', '2100 Elmwood Drive, Dallas, TX, USA', TO_DATE('2023-11-01', 'YYYY-MM-DD'));

INSERT INTO Customers (FirstName, LastName, Email, Phone, Address, MembershipDate) 
VALUES ('Jessica', 'Wright', 'jessica.wright@yahoo.com', '555-122-2345', '2200 Pine Street, New Orleans, LA, USA', TO_DATE('2021-03-20', 'YYYY-MM-DD'));

INSERT INTO Customers (FirstName, LastName, Email, Phone, Address, MembershipDate) 
VALUES ('Jason', 'Green', 'jason.green@hotmail.com', '555-123-3456', '2300 Maple Avenue, Indianapolis, IN, USA', TO_DATE('2022-10-12', 'YYYY-MM-DD'));

INSERT INTO Customers (FirstName, LastName, Email, Phone, Address, MembershipDate) 
VALUES ('Megan', 'Baker', 'megan.baker@outlook.com', '555-124-4567', '2400 Oak Drive, Salt Lake City, UT, USA', TO_DATE('2022-05-22', 'YYYY-MM-DD'));

INSERT INTO Customers (FirstName, LastName, Email, Phone, Address, MembershipDate) 
VALUES ('Ethan', 'Hill', 'ethan.hill@aol.com', '555-125-5678', '2500 Birch Court, Pittsburgh, PA, USA', TO_DATE('2023-04-30', 'YYYY-MM-DD'));

INSERT INTO Customers (FirstName, LastName, Email, Phone, Address, MembershipDate) 
VALUES ('Sophia', 'Scott', 'sophia.scott@gmail.com', '555-126-6789', '2600 Chestnut Lane, Detroit, MI, USA', TO_DATE('2021-07-18', 'YYYY-MM-DD'));

INSERT INTO Customers (FirstName, LastName, Email, Phone, Address, MembershipDate) 
VALUES ('Andrew', 'Adams', 'andrew.adams@yahoo.com', '555-127-7890', '2700 Walnut Grove, Minneapolis, MN, USA', TO_DATE('2023-09-03', 'YYYY-MM-DD'));

INSERT INTO Customers (FirstName, LastName, Email, Phone, Address, MembershipDate) 
VALUES ('Emily', 'Nelson', 'emily.nelson@hotmail.com', '555-128-8901', '2800 Cedar Way, Tucson, AZ, USA', TO_DATE('2022-06-14', 'YYYY-MM-DD'));

INSERT INTO Customers (FirstName, LastName, Email, Phone, Address, MembershipDate) 
VALUES ('Benjamin', 'Carter', 'benjamin.carter@outlook.com', '555-129-9012', '2900 Dogwood Avenue, Tampa, FL, USA', TO_DATE('2021-12-05', 'YYYY-MM-DD'));

INSERT INTO Customers (FirstName, LastName, Email, Phone, Address, MembershipDate) 
VALUES ('Olivia', 'Mitchell', 'olivia.mitchell@aol.com', '555-130-0123', '3000 Spruce Circle, Omaha, NE, USA', TO_DATE('2023-02-27', 'YYYY-MM-DD'));

INSERT INTO Customers (FirstName, LastName, Email, Phone, Address, MembershipDate) 
VALUES ('Daniel', 'Perez', 'daniel.perez@gmail.com', '555-131-1234', '3100 Fir Street, St. Louis, MO, USA', TO_DATE('2021-09-09', 'YYYY-MM-DD'));

INSERT INTO Customers (FirstName, LastName, Email, Phone, Address, MembershipDate) 
VALUES ('Chloe', 'Roberts', 'chloe.roberts@yahoo.com', '555-132-2345', '3200 Cedar Court, Raleigh, NC, USA', TO_DATE('2022-04-08', 'YYYY-MM-DD'));

INSERT INTO Customers (FirstName, LastName, Email, Phone, Address, MembershipDate) 
VALUES ('Ryan', 'Turner', 'ryan.turner@hotmail.com', '555-133-3456', '3300 Maplewood Drive, Memphis, TN, USA', TO_DATE('2023-06-15', 'YYYY-MM-DD'));

INSERT INTO Customers (FirstName, LastName, Email, Phone, Address, MembershipDate) 
VALUES ('Grace', 'Phillips', 'grace.phillips@outlook.com', '555-134-4567', '3400 Willow Lane, Jacksonville, FL, USA', TO_DATE('2022-02-11', 'YYYY-MM-DD'));

INSERT INTO Customers (FirstName, LastName, Email, Phone, Address, MembershipDate) 
VALUES ('Alexander', 'Evans', 'alexander.evans@aol.com', '555-135-5678', '3500 Poplar Avenue, Richmond, VA, USA', TO_DATE('2023-08-01', 'YYYY-MM-DD'));

INSERT INTO Customers (FirstName, LastName, Email, Phone, Address, MembershipDate) 
VALUES ('Ella', 'Collins', 'ella.collins@gmail.com', '555-136-6789', '3600 Pine Ridge, Charleston, SC, USA', TO_DATE('2021-05-29', 'YYYY-MM-DD'));

INSERT INTO Customers (FirstName, LastName, Email, Phone, Address, MembershipDate) 
VALUES ('Samuel', 'Stewart', 'samuel.stewart@yahoo.com', '555-137-7890', '3700 Oak Ridge, Louisville, KY, USA', TO_DATE('2022-08-24', 'YYYY-MM-DD'));

INSERT INTO Customers (FirstName, LastName, Email, Phone, Address, MembershipDate) 
VALUES ('Victoria', 'Sanchez', 'victoria.sanchez@hotmail.com', '555-138-8901', '3800 Birch Hill, Milwaukee, WI, USA', TO_DATE('2023-01-20', 'YYYY-MM-DD'));

INSERT INTO Customers (FirstName, LastName, Email, Phone, Address, MembershipDate) 
VALUES ('Liam', 'Hughes', 'liam.hughes@outlook.com', '555-139-9012', '3900 Aspen Way, Boise, ID, USA', TO_DATE('2022-11-02', 'YYYY-MM-DD'));

INSERT INTO Customers (FirstName, LastName, Email, Phone, Address, MembershipDate) 
VALUES ('Ava', 'Ramirez', 'ava.ramirez@aol.com', '555-140-0123', '4000 Willow Path, Anchorage, AK, USA', TO_DATE('2023-12-10', 'YYYY-MM-DD'));

INSERT INTO Customers (FirstName, LastName, Email, Phone, Address, MembershipDate) 
VALUES ('Hannah', 'Flores', 'hannah.flores@gmail.com', '555-141-1234', '4100 Sycamore Street, Columbus, OH, USA', TO_DATE('2021-08-15', 'YYYY-MM-DD'));

INSERT INTO Customers (FirstName, LastName, Email, Phone, Address, MembershipDate) 
VALUES ('Matthew', 'Morris', 'matthew.morris@yahoo.com', '555-142-2345', '4200 Redwood Drive, Atlanta, GA, USA', TO_DATE('2022-07-03', 'YYYY-MM-DD'));

INSERT INTO Customers (FirstName, LastName, Email, Phone, Address, MembershipDate) 
VALUES ('Abigail', 'Rivera', 'abigail.rivera@hotmail.com', '555-143-3456', '4300 Cypress Avenue, Kansas City, KS, USA', TO_DATE('2023-09-25', 'YYYY-MM-DD'));

INSERT INTO Customers (FirstName, LastName, Email, Phone, Address, MembershipDate) 
VALUES ('Lucas', 'Torres', 'lucas.torres@outlook.com', '555-144-4567', '4400 Cedar Ridge, Phoenix, AZ, USA', TO_DATE('2022-03-14', 'YYYY-MM-DD'));

INSERT INTO Customers (FirstName, LastName, Email, Phone, Address, MembershipDate) 
VALUES ('Ella', 'Gray', 'ella.gray@aol.com', '555-145-5678', '4500 Aspen Grove, Denver, CO, USA', TO_DATE('2021-04-10', 'YYYY-MM-DD'));

INSERT INTO Customers (FirstName, LastName, Email, Phone, Address, MembershipDate) 
VALUES ('James', 'Ross', 'james.ross@gmail.com', '555-146-6789', '4600 Fir Valley, Seattle, WA, USA', TO_DATE('2023-01-08', 'YYYY-MM-DD'));

INSERT INTO Customers (FirstName, LastName, Email, Phone, Address, MembershipDate) 
VALUES ('Avery', 'Kelly', 'avery.kelly@yahoo.com', '555-147-7890', '4700 Maple Ridge, Portland, OR, USA', TO_DATE('2022-12-19', 'YYYY-MM-DD'));

INSERT INTO Customers (FirstName, LastName, Email, Phone, Address, MembershipDate) 
VALUES ('Jack', 'Cook', 'jack.cook@hotmail.com', '555-148-8901', '4800 Pine Crest, Las Vegas, NV, USA', TO_DATE('2021-10-27', 'YYYY-MM-DD'));

INSERT INTO Customers (FirstName, LastName, Email, Phone, Address, MembershipDate) 
VALUES ('Lily', 'Morgan', 'lily.morgan@outlook.com', '555-149-9012', '4900 Spruce Hill, Austin, TX, USA', TO_DATE('2023-05-11', 'YYYY-MM-DD'));

INSERT INTO Customers (FirstName, LastName, Email, Phone, Address, MembershipDate) 
VALUES ('Dylan', 'Brooks', 'dylan.brooks@aol.com', '555-150-0123', '5000 Oak Hill, Charlotte, NC, USA', TO_DATE('2022-02-01', 'YYYY-MM-DD'));

INSERT INTO Customers (FirstName, LastName, Email, Phone, Address, MembershipDate) 
VALUES ('Scarlett', 'Cruz', 'scarlett.cruz@gmail.com', '555-151-1234', '5100 Birch Valley, Boston, MA, USA', TO_DATE('2021-06-30', 'YYYY-MM-DD'));

INSERT INTO Customers (FirstName, LastName, Email, Phone, Address, MembershipDate) 
VALUES ('Nathan', 'Reed', 'nathan.reed@yahoo.com', '555-152-2345', '5200 Sycamore Grove, Nashville, TN, USA', TO_DATE('2023-08-05', 'YYYY-MM-DD'));

INSERT INTO Customers (FirstName, LastName, Email, Phone, Address, MembershipDate) 
VALUES ('Aria', 'Gonzalez', 'aria.gonzalez@hotmail.com', '555-153-3456', '5300 Willow Creek, San Diego, CA, USA', TO_DATE('2022-11-22', 'YYYY-MM-DD'));

INSERT INTO Customers (FirstName, LastName, Email, Phone, Address, MembershipDate) 
VALUES ('Eli', 'Peterson', 'eli.peterson@outlook.com', '555-154-4567', '5400 Cedar Crest, Orlando, FL, USA', TO_DATE('2023-04-02', 'YYYY-MM-DD'));

INSERT INTO Customers (FirstName, LastName, Email, Phone, Address, MembershipDate) 
VALUES ('Isabella', 'Foster', 'isabella.foster@aol.com', '555-155-5678', '5500 Maple Lane, Sacramento, CA, USA', TO_DATE('2021-12-18', 'YYYY-MM-DD'));

INSERT INTO Customers (FirstName, LastName, Email, Phone, Address, MembershipDate) 
VALUES ('Henry', 'Hernandez', 'henry.hernandez@gmail.com', '555-156-6789', '5600 Pine Valley, Albuquerque, NM, USA', TO_DATE('2022-09-30', 'YYYY-MM-DD'));

INSERT INTO Customers (FirstName, LastName, Email, Phone, Address, MembershipDate) 
VALUES ('Sofia', 'Ramsey', 'sofia.ramsey@yahoo.com', '555-157-7890', '5700 Oakwood Drive, Fresno, CA, USA', TO_DATE('2023-07-20', 'YYYY-MM-DD'));

INSERT INTO Customers (FirstName, LastName, Email, Phone, Address, MembershipDate) 
VALUES ('Oliver', 'Hunt', 'oliver.hunt@hotmail.com', '555-158-8901', '5800 Birchwood Lane, Miami, FL, USA', TO_DATE('2021-11-09', 'YYYY-MM-DD'));

INSERT INTO Customers (FirstName, LastName, Email, Phone, Address, MembershipDate) 
VALUES ('Mila', 'Griffin', 'mila.griffin@outlook.com', '555-159-9012', '5900 Spruce Ridge, Chicago, IL, USA', TO_DATE('2022-06-01', 'YYYY-MM-DD'));

INSERT INTO Customers (FirstName, LastName, Email, Phone, Address, MembershipDate) 
VALUES ('Logan', 'Bailey', 'logan.bailey@aol.com', '555-160-0123', '6000 Maplewood Path, Houston, TX, USA', TO_DATE('2023-02-16', 'YYYY-MM-DD'));

INSERT INTO Customers (FirstName, LastName, Email, Phone, Address, MembershipDate) 
VALUES ('Victoria', 'Walker', 'victoria.walker@gmail.com', '555-161-1234', '6100 Elm Street, Salt Lake City, UT, USA', TO_DATE('2022-01-15', 'YYYY-MM-DD'));

INSERT INTO Customers (FirstName, LastName, Email, Phone, Address, MembershipDate) 
VALUES ('Ryan', 'Cooper', 'ryan.cooper@yahoo.com', '555-162-2345', '6200 Magnolia Drive, Indianapolis, IN, USA', TO_DATE('2023-03-05', 'YYYY-MM-DD'));

INSERT INTO Customers (FirstName, LastName, Email, Phone, Address, MembershipDate) 
VALUES ('Chloe', 'Mitchell', 'chloe.mitchell@hotmail.com', '555-163-3456', '6300 Cherry Lane, Tampa, FL, USA', TO_DATE('2021-10-20', 'YYYY-MM-DD'));

INSERT INTO Customers (FirstName, LastName, Email, Phone, Address, MembershipDate) 
VALUES ('Liam', 'Howard', 'liam.howard@outlook.com', '555-164-4567', '6400 Palm Grove, San Jose, CA, USA', TO_DATE('2022-08-12', 'YYYY-MM-DD'));

INSERT INTO Customers (FirstName, LastName, Email, Phone, Address, MembershipDate) 
VALUES ('Emily', 'Price', 'emily.price@aol.com', '555-165-5678', '6500 Birch Street, Memphis, TN, USA', TO_DATE('2023-06-18', 'YYYY-MM-DD'));

INSERT INTO Customers (FirstName, LastName, Email, Phone, Address, MembershipDate) 
VALUES ('Benjamin', 'Wood', 'benjamin.wood@gmail.com', '555-166-6789', '6600 Pine View, Jacksonville, FL, USA', TO_DATE('2021-09-22', 'YYYY-MM-DD'));

INSERT INTO Customers (FirstName, LastName, Email, Phone, Address, MembershipDate) 
VALUES ('Zoe', 'Jenkins', 'zoe.jenkins@yahoo.com', '555-167-7890', '6700 Maple Hill, Louisville, KY, USA', TO_DATE('2022-04-09', 'YYYY-MM-DD'));

INSERT INTO Customers (FirstName, LastName, Email, Phone, Address, MembershipDate) 
VALUES ('Ethan', 'Fisher', 'ethan.fisher@hotmail.com', '555-168-8901', '6800 Cedar Lane, Milwaukee, WI, USA', TO_DATE('2023-05-28', 'YYYY-MM-DD'));

INSERT INTO Customers (FirstName, LastName, Email, Phone, Address, MembershipDate) 
VALUES ('Grace', 'Hamilton', 'grace.hamilton@outlook.com', '555-169-9012', '6900 Oakwood Street, Detroit, MI, USA', TO_DATE('2022-02-14', 'YYYY-MM-DD'));

INSERT INTO Customers (FirstName, LastName, Email, Phone, Address, MembershipDate) 
VALUES ('Daniel', 'Harris', 'daniel.harris@aol.com', '555-170-0123', '7000 Spruce Way, Omaha, NE, USA', TO_DATE('2021-11-11', 'YYYY-MM-DD'));

INSERT INTO Customers (FirstName, LastName, Email, Phone, Address, MembershipDate) 
VALUES ('Sophia', 'Bell', 'sophia.bell@gmail.com', '555-171-1234', '7100 Willow Lane, Raleigh, NC, USA', TO_DATE('2023-07-08', 'YYYY-MM-DD'));

INSERT INTO Customers (FirstName, LastName, Email, Phone, Address, MembershipDate) 
VALUES ('Noah', 'Young', 'noah.young@yahoo.com', '555-172-2345', '7200 Ash Drive, New Orleans, LA, USA', TO_DATE('2022-10-04', 'YYYY-MM-DD'));

INSERT INTO Customers (FirstName, LastName, Email, Phone, Address, MembershipDate) 
VALUES ('Lila', 'Scott', 'lila.scott@hotmail.com', '555-173-3456', '7300 Maple Grove, Tulsa, OK, USA', TO_DATE('2021-06-16', 'YYYY-MM-DD'));

INSERT INTO Customers (FirstName, LastName, Email, Phone, Address, MembershipDate) 
VALUES ('Caleb', 'Powell', 'caleb.powell@outlook.com', '555-174-4567', '7400 Pinewood Drive, Wichita, KS, USA', TO_DATE('2023-09-12', 'YYYY-MM-DD'));

INSERT INTO Customers (FirstName, LastName, Email, Phone, Address, MembershipDate) 
VALUES ('Amelia', 'Patterson', 'amelia.patterson@aol.com', '555-175-5678', '7500 Cedar Ridge, Oklahoma City, OK, USA', TO_DATE('2022-05-25', 'YYYY-MM-DD'));

INSERT INTO Customers (FirstName, LastName, Email, Phone, Address, MembershipDate) 
VALUES ('Nathaniel', 'Watson', 'nathaniel.watson@gmail.com', '555-176-6789', '7600 Birch Path, Cleveland, OH, USA', TO_DATE('2021-08-01', 'YYYY-MM-DD'));

INSERT INTO Customers (FirstName, LastName, Email, Phone, Address, MembershipDate) 
VALUES ('Harper', 'Murphy', 'harper.murphy@yahoo.com', '555-177-7890', '7700 Elm Grove, Arlington, TX, USA', TO_DATE('2022-03-20', 'YYYY-MM-DD'));

INSERT INTO Customers (FirstName, LastName, Email, Phone, Address, MembershipDate) 
VALUES ('Samuel', 'Ross', 'samuel.ross@hotmail.com', '555-178-8901', '7800 Redwood Trail, Mesa, AZ, USA', TO_DATE('2023-01-30', 'YYYY-MM-DD'));

INSERT INTO Customers (FirstName, LastName, Email, Phone, Address, MembershipDate) 
VALUES ('Ella', 'Hayes', 'ella.hayes@outlook.com', '555-179-9012', '7900 Aspen Circle, Tampa, FL, USA', TO_DATE('2021-04-21', 'YYYY-MM-DD'));

INSERT INTO Customers (FirstName, LastName, Email, Phone, Address, MembershipDate) 
VALUES ('Mason', 'Carter', 'mason.carter@aol.com', '555-180-0123', '8000 Cypress Avenue, Pittsburgh, PA, USA', TO_DATE('2022-06-14', 'YYYY-MM-DD'));
INSERT INTO Customers (FirstName, LastName, Email, Phone, Address, MembershipDate) 
VALUES ('Olivia', 'Reed', 'olivia.reed@gmail.com', '555-181-1234', '8100 Maplewood Drive, Buffalo, NY, USA', TO_DATE('2023-02-10', 'YYYY-MM-DD'));

INSERT INTO Customers (FirstName, LastName, Email, Phone, Address, MembershipDate) 
VALUES ('Henry', 'Brooks', 'henry.brooks@yahoo.com', '555-182-2345', '8200 Oak Ridge, Richmond, VA, USA', TO_DATE('2021-09-25', 'YYYY-MM-DD'));

INSERT INTO Customers (FirstName, LastName, Email, Phone, Address, MembershipDate) 
VALUES ('Ava', 'Kelly', 'ava.kelly@hotmail.com', '555-183-3456', '8300 Willow Park, Atlanta, GA, USA', TO_DATE('2022-07-18', 'YYYY-MM-DD'));

INSERT INTO Customers (FirstName, LastName, Email, Phone, Address, MembershipDate) 
VALUES ('Jack', 'Ward', 'jack.ward@outlook.com', '555-184-4567', '8400 Pinecrest Street, Minneapolis, MN, USA', TO_DATE('2023-11-01', 'YYYY-MM-DD'));

INSERT INTO Customers (FirstName, LastName, Email, Phone, Address, MembershipDate) 
VALUES ('Sophia', 'Morris', 'sophia.morris@aol.com', '555-185-5678', '8500 Cedar View, Charlotte, NC, USA', TO_DATE('2022-01-22', 'YYYY-MM-DD'));

INSERT INTO Customers (FirstName, LastName, Email, Phone, Address, MembershipDate) 
VALUES ('Alexander', 'Peterson', 'alexander.peterson@gmail.com', '555-186-6789', '8600 Birchwood Lane, Seattle, WA, USA', TO_DATE('2021-10-12', 'YYYY-MM-DD'));

INSERT INTO Customers (FirstName, LastName, Email, Phone, Address, MembershipDate) 
VALUES ('Mia', 'Cook', 'mia.cook@yahoo.com', '555-187-7890', '8700 Palm Avenue, Portland, OR, USA', TO_DATE('2022-03-16', 'YYYY-MM-DD'));

INSERT INTO Customers (FirstName, LastName, Email, Phone, Address, MembershipDate) 
VALUES ('Lucas', 'Bailey', 'lucas.bailey@hotmail.com', '555-188-8901', '8800 Elm Street, Denver, CO, USA', TO_DATE('2023-06-29', 'YYYY-MM-DD'));

INSERT INTO Customers (FirstName, LastName, Email, Phone, Address, MembershipDate) 
VALUES ('Amelia', 'Gray', 'amelia.gray@outlook.com', '555-189-9012', '8900 Spruce Avenue, Columbus, OH, USA', TO_DATE('2021-12-07', 'YYYY-MM-DD'));

INSERT INTO Customers (FirstName, LastName, Email, Phone, Address, MembershipDate) 
VALUES ('Logan', 'Powell', 'logan.powell@aol.com', '555-190-0123', '9000 Redwood Boulevard, Kansas City, MO, USA', TO_DATE('2022-05-01', 'YYYY-MM-DD'));

INSERT INTO Customers (FirstName, LastName, Email, Phone, Address, MembershipDate) 
VALUES ('Emily', 'Hughes', 'emily.hughes@gmail.com', '555-191-1234', '9100 Ashbrook Road, Nashville, TN, USA', TO_DATE('2023-08-14', 'YYYY-MM-DD'));

INSERT INTO Customers (FirstName, LastName, Email, Phone, Address, MembershipDate) 
VALUES ('Owen', 'Sanders', 'owen.sanders@yahoo.com', '555-192-2345', '9200 Cypress Way, Boston, MA, USA', TO_DATE('2021-04-09', 'YYYY-MM-DD'));

INSERT INTO Customers (FirstName, LastName, Email, Phone, Address, MembershipDate) 
VALUES ('Charlotte', 'Parker', 'charlotte.parker@hotmail.com', '555-193-3456', '9300 Willow Bend, Houston, TX, USA', TO_DATE('2022-11-05', 'YYYY-MM-DD'));

INSERT INTO Customers (FirstName, LastName, Email, Phone, Address, MembershipDate) 
VALUES ('James', 'Ross', 'james.ross@outlook.com', '555-194-4567', '9400 Maple Leaf, Phoenix, AZ, USA', TO_DATE('2023-01-20', 'YYYY-MM-DD'));

INSERT INTO Customers (FirstName, LastName, Email, Phone, Address, MembershipDate) 
VALUES ('Lily', 'Bryant', 'lily.bryant@aol.com', '555-195-5678', '9500 Cedar Path, Dallas, TX, USA', TO_DATE('2022-08-30', 'YYYY-MM-DD'));

INSERT INTO Customers (FirstName, LastName, Email, Phone, Address, MembershipDate) 
VALUES ('Isaac', 'Jenkins', 'isaac.jenkins@gmail.com', '555-196-6789', '9600 Birch Lane, Las Vegas, NV, USA', TO_DATE('2021-03-17', 'YYYY-MM-DD'));

INSERT INTO Customers (FirstName, LastName, Email, Phone, Address, MembershipDate) 
VALUES ('Ella', 'Clark', 'ella.clark@yahoo.com', '555-197-7890', '9700 Palm Grove, Miami, FL, USA', TO_DATE('2023-09-10', 'YYYY-MM-DD'));

INSERT INTO Customers (FirstName, LastName, Email, Phone, Address, MembershipDate) 
VALUES ('Gabriel', 'Mitchell', 'gabriel.mitchell@hotmail.com', '555-198-8901', '9800 Oakwood Drive, San Francisco, CA, USA', TO_DATE('2022-07-02', 'YYYY-MM-DD'));

INSERT INTO Customers (FirstName, LastName, Email, Phone, Address, MembershipDate) 
VALUES ('Chloe', 'Ramirez', 'chloe.ramirez@outlook.com', '555-199-9012', '9900 Spruce Court, Albuquerque, NM, USA', TO_DATE('2021-06-27', 'YYYY-MM-DD'));

INSERT INTO Customers (FirstName, LastName, Email, Phone, Address, MembershipDate) 
VALUES ('Ethan', 'Hall', 'ethan.hall@aol.com', '555-200-0123', '10000 Maple Street, Sacramento, CA, USA', TO_DATE('2023-10-21', 'YYYY-MM-DD'));



-- Insert rows for the Products table
INSERT INTO Products (ProductName, CategoryID, SupplierID, Price, StockQuantity, ReorderLevel) 
VALUES ('Product A', 1, 1, 50.00, 200, 50);
INSERT INTO Products (ProductName, CategoryID, SupplierID, Price, StockQuantity, ReorderLevel) 
VALUES ('Product B', 2, 2, 60.00, 150, 40);
INSERT INTO Products (ProductName, CategoryID, SupplierID, Price, StockQuantity, ReorderLevel) 
VALUES ('Product C', 3, 3, 45.50, 180, 35);
INSERT INTO Products (ProductName, CategoryID, SupplierID, Price, StockQuantity, ReorderLevel) 
VALUES ('Product D', 4, 4, 72.30, 220, 60);
INSERT INTO Products (ProductName, CategoryID, SupplierID, Price, StockQuantity, ReorderLevel) 
VALUES ('Product E', 5, 5, 85.00, 100, 30);
INSERT INTO Products (ProductName, CategoryID, SupplierID, Price, StockQuantity, ReorderLevel) 
VALUES ('Product F', 6, 6, 110.00, 80, 25);
INSERT INTO Products (ProductName, CategoryID, SupplierID, Price, StockQuantity, ReorderLevel) 
VALUES ('Product G', 7, 7, 120.50, 150, 40);
INSERT INTO Products (ProductName, CategoryID, SupplierID, Price, StockQuantity, ReorderLevel) 
VALUES ('Product H', 8, 8, 95.00, 300, 50);
INSERT INTO Products (ProductName, CategoryID, SupplierID, Price, StockQuantity, ReorderLevel) 
VALUES ('Product I', 9, 9, 80.00, 500, 70);
INSERT INTO Products (ProductName, CategoryID, SupplierID, Price, StockQuantity, ReorderLevel) 
VALUES ('Product J', 10, 10, 110.00, 150, 30);
INSERT INTO Products (ProductName, CategoryID, SupplierID, Price, StockQuantity, ReorderLevel) 
VALUES ('Product K', 11, 11, 150.00, 200, 60);
INSERT INTO Products (ProductName, CategoryID, SupplierID, Price, StockQuantity, ReorderLevel) 
VALUES ('Product L', 12, 12, 140.00, 180, 40);
INSERT INTO Products (ProductName, CategoryID, SupplierID, Price, StockQuantity, ReorderLevel) 
VALUES ('Product M', 13, 13, 135.00, 220, 55);
INSERT INTO Products (ProductName, CategoryID, SupplierID, Price, StockQuantity, ReorderLevel) 
VALUES ('Product N', 14, 14, 65.00, 190, 50);
INSERT INTO Products (ProductName, CategoryID, SupplierID, Price, StockQuantity, ReorderLevel) 
VALUES ('Product O', 15, 15, 70.00, 160, 45);
INSERT INTO Products (ProductName, CategoryID, SupplierID, Price, StockQuantity, ReorderLevel) 
VALUES ('Product P', 16, 16, 90.00, 240, 60);
INSERT INTO Products (ProductName, CategoryID, SupplierID, Price, StockQuantity, ReorderLevel) 
VALUES ('Product Q', 17, 17, 85.00, 230, 55);
INSERT INTO Products (ProductName, CategoryID, SupplierID, Price, StockQuantity, ReorderLevel) 
VALUES ('Product R', 18, 18, 95.00, 210, 50);
INSERT INTO Products (ProductName, CategoryID, SupplierID, Price, StockQuantity, ReorderLevel) 
VALUES ('Product S', 19, 19, 130.00, 270, 65);
INSERT INTO Products (ProductName, CategoryID, SupplierID, Price, StockQuantity, ReorderLevel) 
VALUES ('Product T', 20, 20, 115.00, 150, 40);
INSERT INTO Products (ProductName, CategoryID, SupplierID, Price, StockQuantity, ReorderLevel) 
VALUES ('Product U', 21, 1, 160.00, 200, 50);
INSERT INTO Products (ProductName, CategoryID, SupplierID, Price, StockQuantity, ReorderLevel) 
VALUES ('Product V', 22, 2, 170.00, 180, 45);
INSERT INTO Products (ProductName, CategoryID, SupplierID, Price, StockQuantity, ReorderLevel) 
VALUES ('Product W', 1, 3, 90.00, 230, 60);
INSERT INTO Products (ProductName, CategoryID, SupplierID, Price, StockQuantity, ReorderLevel) 
VALUES ('Product X', 2, 4, 100.00, 220, 55);
INSERT INTO Products (ProductName, CategoryID, SupplierID, Price, StockQuantity, ReorderLevel) 
VALUES ('Product Y', 3, 5, 80.00, 210, 50);
INSERT INTO Products (ProductName, CategoryID, SupplierID, Price, StockQuantity, ReorderLevel) 
VALUES ('Product Z', 4, 6, 120.00, 180, 45);

--insert into orders
INSERT INTO Orders (CustomerID, OrderDate, TotalAmount, PaymentMethod)
VALUES (1, TO_TIMESTAMP('01-01-2025 10:00:00', 'DD-MM-YYYY HH24:MI:SS'), 500.00, 'Credit Card');
INSERT INTO Orders (CustomerID, OrderDate, TotalAmount, PaymentMethod)
VALUES (2, TO_TIMESTAMP('02-01-2025 14:30:00', 'DD-MM-YYYY HH24:MI:SS'), 700.00, 'Cash');
INSERT INTO Orders (CustomerID, OrderDate, TotalAmount, PaymentMethod)
VALUES (3, TO_TIMESTAMP('03-01-2025 09:00:00', 'DD-MM-YYYY HH24:MI:SS'), 650.00, 'Debit Card');
INSERT INTO Orders (CustomerID, OrderDate, TotalAmount, PaymentMethod)
VALUES (4, TO_TIMESTAMP('04-01-2025 11:45:00', 'DD-MM-YYYY HH24:MI:SS'), 800.00, 'PayPal');
INSERT INTO Orders (CustomerID, OrderDate, TotalAmount, PaymentMethod)
VALUES (5, TO_TIMESTAMP('05-01-2025 16:15:00', 'DD-MM-YYYY HH24:MI:SS'), 900.00, 'Credit Card');
INSERT INTO Orders (CustomerID, OrderDate, TotalAmount, PaymentMethod)
VALUES (6, TO_TIMESTAMP('06-01-2025 18:30:00', 'DD-MM-YYYY HH24:MI:SS'), 550.00, 'Cash');
INSERT INTO Orders (CustomerID, OrderDate, TotalAmount, PaymentMethod)
VALUES (7, TO_TIMESTAMP('07-01-2025 13:30:00', 'DD-MM-YYYY HH24:MI:SS'), 600.00, 'Debit Card');
INSERT INTO Orders (CustomerID, OrderDate, TotalAmount, PaymentMethod)
VALUES (8, TO_TIMESTAMP('08-01-2025 15:00:00', 'DD-MM-YYYY HH24:MI:SS'), 750.00, 'PayPal');
INSERT INTO Orders (CustomerID, OrderDate, TotalAmount, PaymentMethod)
VALUES (9, TO_TIMESTAMP('09-01-2025 10:15:00', 'DD-MM-YYYY HH24:MI:SS'), 650.00, 'Credit Card');
INSERT INTO Orders (CustomerID, OrderDate, TotalAmount, PaymentMethod)
VALUES (10, TO_TIMESTAMP('10-01-2025 17:30:00', 'DD-MM-YYYY HH24:MI:SS'), 700.00, 'Cash');
INSERT INTO Orders (CustomerID, OrderDate, TotalAmount, PaymentMethod)
VALUES (11, TO_TIMESTAMP('11-01-2025 12:00:00', 'DD-MM-YYYY HH24:MI:SS'), 500.00, 'Debit Card');
INSERT INTO Orders (CustomerID, OrderDate, TotalAmount, PaymentMethod)
VALUES (12, TO_TIMESTAMP('12-01-2025 14:00:00', 'DD-MM-YYYY HH24:MI:SS'), 650.00, 'PayPal');
INSERT INTO Orders (CustomerID, OrderDate, TotalAmount, PaymentMethod)
VALUES (13, TO_TIMESTAMP('13-01-2025 09:15:00', 'DD-MM-YYYY HH24:MI:SS'), 700.00, 'Credit Card');
INSERT INTO Orders (CustomerID, OrderDate, TotalAmount, PaymentMethod)
VALUES (14, TO_TIMESTAMP('14-01-2025 11:30:00', 'DD-MM-YYYY HH24:MI:SS'), 800.00, 'Cash');
INSERT INTO Orders (CustomerID, OrderDate, TotalAmount, PaymentMethod)
VALUES (15, TO_TIMESTAMP('15-01-2025 16:45:00', 'DD-MM-YYYY HH24:MI:SS'), 600.00, 'Debit Card');
INSERT INTO Orders (CustomerID, OrderDate, TotalAmount, PaymentMethod)
VALUES (16, TO_TIMESTAMP('16-01-2025 13:00:00', 'DD-MM-YYYY HH24:MI:SS'), 750.00, 'PayPal');
INSERT INTO Orders (CustomerID, OrderDate, TotalAmount, PaymentMethod)
VALUES (17, TO_TIMESTAMP('17-01-2025 10:30:00', 'DD-MM-YYYY HH24:MI:SS'), 850.00, 'Credit Card');
INSERT INTO Orders (CustomerID, OrderDate, TotalAmount, PaymentMethod)
VALUES (18, TO_TIMESTAMP('18-01-2025 11:45:00', 'DD-MM-YYYY HH24:MI:SS'), 650.00, 'Cash');
INSERT INTO Orders (CustomerID, OrderDate, TotalAmount, PaymentMethod)
VALUES (19, TO_TIMESTAMP('19-01-2025 14:00:00', 'DD-MM-YYYY HH24:MI:SS'), 700.00, 'Debit Card');
INSERT INTO Orders (CustomerID, OrderDate, TotalAmount, PaymentMethod)
VALUES (20, TO_TIMESTAMP('20-01-2025 09:00:00', 'DD-MM-YYYY HH24:MI:SS'), 500.00, 'PayPal');
INSERT INTO Orders (CustomerID, OrderDate, TotalAmount, PaymentMethod)
VALUES (21, TO_TIMESTAMP('21-01-2025 11:15:00', 'DD-MM-YYYY HH24:MI:SS'), 600.00, 'Credit Card');
INSERT INTO Orders (CustomerID, OrderDate, TotalAmount, PaymentMethod)
VALUES (22, TO_TIMESTAMP('22-01-2025 13:45:00', 'DD-MM-YYYY HH24:MI:SS'), 750.00, 'Cash');
INSERT INTO Orders (CustomerID, OrderDate, TotalAmount, PaymentMethod)
VALUES (23, TO_TIMESTAMP('23-01-2025 16:30:00', 'DD-MM-YYYY HH24:MI:SS'), 700.00, 'Debit Card');
INSERT INTO Orders (CustomerID, OrderDate, TotalAmount, PaymentMethod)
VALUES (24, TO_TIMESTAMP('24-01-2025 10:00:00', 'DD-MM-YYYY HH24:MI:SS'), 850.00, 'PayPal');
INSERT INTO Orders (CustomerID, OrderDate, TotalAmount, PaymentMethod)
VALUES (25, TO_TIMESTAMP('25-01-2025 14:30:00', 'DD-MM-YYYY HH24:MI:SS'), 650.00, 'Credit Card');
INSERT INTO Orders (CustomerID, OrderDate, TotalAmount, PaymentMethod)
VALUES (26, TO_TIMESTAMP('26-01-2025 09:45:00', 'DD-MM-YYYY HH24:MI:SS'), 500.00, 'Cash');
INSERT INTO Orders (CustomerID, OrderDate, TotalAmount, PaymentMethod)
VALUES (27, TO_TIMESTAMP('27-01-2025 12:00:00', 'DD-MM-YYYY HH24:MI:SS'), 600.00, 'Debit Card');
INSERT INTO Orders (CustomerID, OrderDate, TotalAmount, PaymentMethod)
VALUES (28, TO_TIMESTAMP('28-01-2025 17:15:00', 'DD-MM-YYYY HH24:MI:SS'), 750.00, 'PayPal');
INSERT INTO Orders (CustomerID, OrderDate, TotalAmount, PaymentMethod)
VALUES (29, TO_TIMESTAMP('29-01-2025 15:00:00', 'DD-MM-YYYY HH24:MI:SS'), 800.00, 'Credit Card');
INSERT INTO Orders (CustomerID, OrderDate, TotalAmount, PaymentMethod)
VALUES (30, TO_TIMESTAMP('30-01-2025 10:30:00', 'DD-MM-YYYY HH24:MI:SS'), 700.00, 'Cash');
INSERT INTO Orders (CustomerID, OrderDate, TotalAmount, PaymentMethod)
VALUES (31, TO_TIMESTAMP('31-01-2025 11:45:00', 'DD-MM-YYYY HH24:MI:SS'), 550.00, 'Debit Card');
INSERT INTO Orders (CustomerID, OrderDate, TotalAmount, PaymentMethod)
VALUES (32, TO_TIMESTAMP('01-02-2025 14:15:00', 'DD-MM-YYYY HH24:MI:SS'), 750.00, 'PayPal');
INSERT INTO Orders (CustomerID, OrderDate, TotalAmount, PaymentMethod)
VALUES (33, TO_TIMESTAMP('02-02-2025 09:00:00', 'DD-MM-YYYY HH24:MI:SS'), 850.00, 'Credit Card');
INSERT INTO Orders (CustomerID, OrderDate, TotalAmount, PaymentMethod)
VALUES (34, TO_TIMESTAMP('03-02-2025 16:30:00', 'DD-MM-YYYY HH24:MI:SS'), 500.00, 'Cash');
INSERT INTO Orders (CustomerID, OrderDate, TotalAmount, PaymentMethod)
VALUES (35, TO_TIMESTAMP('04-02-2025 10:45:00', 'DD-MM-YYYY HH24:MI:SS'), 600.00, 'Debit Card');
INSERT INTO Orders (CustomerID, OrderDate, TotalAmount, PaymentMethod)
VALUES (36, TO_TIMESTAMP('05-02-2025 13:00:00', 'DD-MM-YYYY HH24:MI:SS'), 750.00, 'PayPal');
INSERT INTO Orders (CustomerID, OrderDate, TotalAmount, PaymentMethod)
VALUES (37, TO_TIMESTAMP('06-02-2025 11:15:00', 'DD-MM-YYYY HH24:MI:SS'), 700.00, 'Credit Card');
INSERT INTO Orders (CustomerID, OrderDate, TotalAmount, PaymentMethod)
VALUES (38, TO_TIMESTAMP('07-02-2025 14:45:00', 'DD-MM-YYYY HH24:MI:SS'), 850.00, 'Cash');
INSERT INTO Orders (CustomerID, OrderDate, TotalAmount, PaymentMethod)
VALUES (39, TO_TIMESTAMP('08-02-2025 15:30:00', 'DD-MM-YYYY HH24:MI:SS'), 650.00, 'Debit Card');
INSERT INTO Orders (CustomerID, OrderDate, TotalAmount, PaymentMethod)
VALUES (40, TO_TIMESTAMP('09-02-2025 10:00:00', 'DD-MM-YYYY HH24:MI:SS'), 550.00, 'PayPal');
INSERT INTO Orders (CustomerID, OrderDate, TotalAmount, PaymentMethod)
VALUES (41, TO_TIMESTAMP('10-02-2025 12:30:00', 'DD-MM-YYYY HH24:MI:SS'), 600.00, 'Credit Card');
INSERT INTO Orders (CustomerID, OrderDate, TotalAmount, PaymentMethod)
VALUES (42, TO_TIMESTAMP('11-02-2025 09:15:00', 'DD-MM-YYYY HH24:MI:SS'), 750.00, 'Cash');
INSERT INTO Orders (CustomerID, OrderDate, TotalAmount, PaymentMethod)
VALUES (43, TO_TIMESTAMP('12-02-2025 11:00:00', 'DD-MM-YYYY HH24:MI:SS'), 700.00, 'Debit Card');
INSERT INTO Orders (CustomerID, OrderDate, TotalAmount, PaymentMethod)
VALUES (44, TO_TIMESTAMP('13-02-2025 13:45:00', 'DD-MM-YYYY HH24:MI:SS'), 850.00, 'PayPal');
INSERT INTO Orders (CustomerID, OrderDate, TotalAmount, PaymentMethod)
VALUES (45, TO_TIMESTAMP('14-02-2025 15:30:00', 'DD-MM-YYYY HH24:MI:SS'), 650.00, 'Credit Card');
INSERT INTO Orders (CustomerID, OrderDate, TotalAmount, PaymentMethod)
VALUES (46, TO_TIMESTAMP('15-02-2025 10:45:00', 'DD-MM-YYYY HH24:MI:SS'), 500.00, 'Cash');
INSERT INTO Orders (CustomerID, OrderDate, TotalAmount, PaymentMethod)
VALUES (47, TO_TIMESTAMP('16-02-2025 12:15:00', 'DD-MM-YYYY HH24:MI:SS'), 600.00, 'Debit Card');
INSERT INTO Orders (CustomerID, OrderDate, TotalAmount, PaymentMethod)
VALUES (48, TO_TIMESTAMP('17-02-2025 14:00:00', 'DD-MM-YYYY HH24:MI:SS'), 750.00, 'PayPal');
INSERT INTO Orders (CustomerID, OrderDate, TotalAmount, PaymentMethod)
VALUES (49, TO_TIMESTAMP('18-02-2025 09:30:00', 'DD-MM-YYYY HH24:MI:SS'), 800.00, 'Credit Card');
INSERT INTO Orders (CustomerID, OrderDate, TotalAmount, PaymentMethod)
VALUES (50, TO_TIMESTAMP('19-02-2025 10:00:00', 'DD-MM-YYYY HH24:MI:SS'), 700.00, 'Cash');
INSERT INTO Orders (CustomerID, OrderDate, TotalAmount, PaymentMethod)
VALUES (51, TO_TIMESTAMP('20-02-2025 16:00:00', 'DD-MM-YYYY HH24:MI:SS'), 550.00, 'Debit Card');
INSERT INTO Orders (CustomerID, OrderDate, TotalAmount, PaymentMethod)
VALUES (52, TO_TIMESTAMP('21-02-2025 14:30:00', 'DD-MM-YYYY HH24:MI:SS'), 750.00, 'PayPal');
INSERT INTO Orders (CustomerID, OrderDate, TotalAmount, PaymentMethod)
VALUES (53, TO_TIMESTAMP('22-02-2025 09:45:00', 'DD-MM-YYYY HH24:MI:SS'), 850.00, 'Credit Card');
INSERT INTO Orders (CustomerID, OrderDate, TotalAmount, PaymentMethod)
VALUES (54, TO_TIMESTAMP('23-02-2025 11:30:00', 'DD-MM-YYYY HH24:MI:SS'), 500.00, 'Cash');
INSERT INTO Orders (CustomerID, OrderDate, TotalAmount, PaymentMethod)
VALUES (55, TO_TIMESTAMP('24-02-2025 13:00:00', 'DD-MM-YYYY HH24:MI:SS'), 600.00, 'Debit Card');
INSERT INTO Orders (CustomerID, OrderDate, TotalAmount, PaymentMethod)
VALUES (56, TO_TIMESTAMP('25-02-2025 12:45:00', 'DD-MM-YYYY HH24:MI:SS'), 750.00, 'PayPal');
INSERT INTO Orders (CustomerID, OrderDate, TotalAmount, PaymentMethod)
VALUES (57, TO_TIMESTAMP('26-02-2025 10:15:00', 'DD-MM-YYYY HH24:MI:SS'), 700.00, 'Credit Card');
INSERT INTO Orders (CustomerID, OrderDate, TotalAmount, PaymentMethod)
VALUES (58, TO_TIMESTAMP('27-02-2025 14:15:00', 'DD-MM-YYYY HH24:MI:SS'), 850.00, 'Cash');
INSERT INTO Orders (CustomerID, OrderDate, TotalAmount, PaymentMethod)
VALUES (59, TO_TIMESTAMP('28-02-2025 09:00:00', 'DD-MM-YYYY HH24:MI:SS'), 650.00, 'Debit Card');
INSERT INTO Orders (CustomerID, OrderDate, TotalAmount, PaymentMethod)
VALUES (60, TO_TIMESTAMP('01-03-2025 13:30:00', 'DD-MM-YYYY HH24:MI:SS'), 550.00, 'PayPal');
INSERT INTO Orders (CustomerID, OrderDate, TotalAmount, PaymentMethod)
VALUES (61, TO_TIMESTAMP('02-03-2025 11:45:00', 'DD-MM-YYYY HH24:MI:SS'), 600.00, 'Credit Card');
INSERT INTO Orders (CustomerID, OrderDate, TotalAmount, PaymentMethod)
VALUES (62, TO_TIMESTAMP('03-03-2025 10:30:00', 'DD-MM-YYYY HH24:MI:SS'), 700.00, 'Cash');
INSERT INTO Orders (CustomerID, OrderDate, TotalAmount, PaymentMethod)
VALUES (63, TO_TIMESTAMP('04-03-2025 09:00:00', 'DD-MM-YYYY HH24:MI:SS'), 750.00, 'Debit Card');
INSERT INTO Orders (CustomerID, OrderDate, TotalAmount, PaymentMethod)
VALUES (64, TO_TIMESTAMP('05-03-2025 14:15:00', 'DD-MM-YYYY HH24:MI:SS'), 800.00, 'PayPal');
INSERT INTO Orders (CustomerID, OrderDate, TotalAmount, PaymentMethod)
VALUES (65, TO_TIMESTAMP('06-03-2025 15:45:00', 'DD-MM-YYYY HH24:MI:SS'), 850.00, 'Credit Card');
INSERT INTO Orders (CustomerID, OrderDate, TotalAmount, PaymentMethod)
VALUES (66, TO_TIMESTAMP('07-03-2025 10:15:00', 'DD-MM-YYYY HH24:MI:SS'), 500.00, 'Cash');
INSERT INTO Orders (CustomerID, OrderDate, TotalAmount, PaymentMethod)
VALUES (67, TO_TIMESTAMP('08-03-2025 13:30:00', 'DD-MM-YYYY HH24:MI:SS'), 600.00, 'Debit Card');
INSERT INTO Orders (CustomerID, OrderDate, TotalAmount, PaymentMethod)
VALUES (68, TO_TIMESTAMP('09-03-2025 12:45:00', 'DD-MM-YYYY HH24:MI:SS'), 750.00, 'PayPal');
INSERT INTO Orders (CustomerID, OrderDate, TotalAmount, PaymentMethod)
VALUES (69, TO_TIMESTAMP('10-03-2025 11:00:00', 'DD-MM-YYYY HH24:MI:SS'), 650.00, 'Credit Card');
INSERT INTO Orders (CustomerID, OrderDate, TotalAmount, PaymentMethod)
VALUES (70, TO_TIMESTAMP('11-03-2025 09:30:00', 'DD-MM-YYYY HH24:MI:SS'), 700.00, 'Cash');
INSERT INTO Orders (CustomerID, OrderDate, TotalAmount, PaymentMethod)
VALUES (71, TO_TIMESTAMP('12-03-2025 14:30:00', 'DD-MM-YYYY HH24:MI:SS'), 800.00, 'Debit Card');
INSERT INTO Orders (CustomerID, OrderDate, TotalAmount, PaymentMethod)
VALUES (72, TO_TIMESTAMP('13-03-2025 12:15:00', 'DD-MM-YYYY HH24:MI:SS'), 900.00, 'PayPal');
INSERT INTO Orders (CustomerID, OrderDate, TotalAmount, PaymentMethod)
VALUES (73, TO_TIMESTAMP('14-03-2025 10:45:00', 'DD-MM-YYYY HH24:MI:SS'), 500.00, 'Credit Card');
INSERT INTO Orders (CustomerID, OrderDate, TotalAmount, PaymentMethod)
VALUES (74, TO_TIMESTAMP('15-03-2025 11:15:00', 'DD-MM-YYYY HH24:MI:SS'), 600.00, 'Cash');
INSERT INTO Orders (CustomerID, OrderDate, TotalAmount, PaymentMethod)
VALUES (75, TO_TIMESTAMP('16-03-2025 13:45:00', 'DD-MM-YYYY HH24:MI:SS'), 750.00, 'Debit Card');
INSERT INTO Orders (CustomerID, OrderDate, TotalAmount, PaymentMethod)
VALUES (76, TO_TIMESTAMP('17-03-2025 14:30:00', 'DD-MM-YYYY HH24:MI:SS'), 850.00, 'PayPal');
INSERT INTO Orders (CustomerID, OrderDate, TotalAmount, PaymentMethod)
VALUES (77, TO_TIMESTAMP('18-03-2025 12:00:00', 'DD-MM-YYYY HH24:MI:SS'), 550.00, 'Credit Card');
INSERT INTO Orders (CustomerID, OrderDate, TotalAmount, PaymentMethod)
VALUES (78, TO_TIMESTAMP('19-03-2025 10:30:00', 'DD-MM-YYYY HH24:MI:SS'), 700.00, 'Cash');
INSERT INTO Orders (CustomerID, OrderDate, TotalAmount, PaymentMethod)
VALUES (79, TO_TIMESTAMP('20-03-2025 11:45:00', 'DD-MM-YYYY HH24:MI:SS'), 800.00, 'Debit Card');
INSERT INTO Orders (CustomerID, OrderDate, TotalAmount, PaymentMethod)
VALUES (80, TO_TIMESTAMP('21-03-2025 09:15:00', 'DD-MM-YYYY HH24:MI:SS'), 650.00, 'PayPal');
INSERT INTO Orders (CustomerID, OrderDate, TotalAmount, PaymentMethod)
VALUES (81, TO_TIMESTAMP('22-03-2025 14:00:00', 'DD-MM-YYYY HH24:MI:SS'), 700.00, 'Credit Card');
INSERT INTO Orders (CustomerID, OrderDate, TotalAmount, PaymentMethod)
VALUES (82, TO_TIMESTAMP('23-03-2025 12:30:00', 'DD-MM-YYYY HH24:MI:SS'), 750.00, 'Cash');
INSERT INTO Orders (CustomerID, OrderDate, TotalAmount, PaymentMethod)
VALUES (83, TO_TIMESTAMP('24-03-2025 10:15:00', 'DD-MM-YYYY HH24:MI:SS'), 850.00, 'Debit Card');
INSERT INTO Orders (CustomerID, OrderDate, TotalAmount, PaymentMethod)
VALUES (84, TO_TIMESTAMP('25-03-2025 11:45:00', 'DD-MM-YYYY HH24:MI:SS'), 950.00, 'PayPal');
INSERT INTO Orders (CustomerID, OrderDate, TotalAmount, PaymentMethod)
VALUES (85, TO_TIMESTAMP('26-03-2025 13:30:00', 'DD-MM-YYYY HH24:MI:SS'), 600.00, 'Credit Card');
INSERT INTO Orders (CustomerID, OrderDate, TotalAmount, PaymentMethod)
VALUES (86, TO_TIMESTAMP('27-03-2025 09:45:00', 'DD-MM-YYYY HH24:MI:SS'), 550.00, 'Cash');
INSERT INTO Orders (CustomerID, OrderDate, TotalAmount, PaymentMethod)
VALUES (87, TO_TIMESTAMP('28-03-2025 10:30:00', 'DD-MM-YYYY HH24:MI:SS'), 700.00, 'Debit Card');
INSERT INTO Orders (CustomerID, OrderDate, TotalAmount, PaymentMethod)
VALUES (88, TO_TIMESTAMP('29-03-2025 14:15:00', 'DD-MM-YYYY HH24:MI:SS'), 800.00, 'PayPal');
INSERT INTO Orders (CustomerID, OrderDate, TotalAmount, PaymentMethod)
VALUES (89, TO_TIMESTAMP('30-03-2025 12:45:00', 'DD-MM-YYYY HH24:MI:SS'), 900.00, 'Credit Card');
INSERT INTO Orders (CustomerID, OrderDate, TotalAmount, PaymentMethod)
VALUES (90, TO_TIMESTAMP('31-03-2025 11:15:00', 'DD-MM-YYYY HH24:MI:SS'), 650.00, 'Cash');
INSERT INTO Orders (CustomerID, OrderDate, TotalAmount, PaymentMethod)
VALUES (91, TO_TIMESTAMP('01-04-2025 13:30:00', 'DD-MM-YYYY HH24:MI:SS'), 750.00, 'Debit Card');
INSERT INTO Orders (CustomerID, OrderDate, TotalAmount, PaymentMethod)
VALUES (92, TO_TIMESTAMP('02-04-2025 10:00:00', 'DD-MM-YYYY HH24:MI:SS'), 500.00, 'PayPal');
INSERT INTO Orders (CustomerID, OrderDate, TotalAmount, PaymentMethod)
VALUES (93, TO_TIMESTAMP('03-04-2025 14:45:00', 'DD-MM-YYYY HH24:MI:SS'), 850.00, 'Credit Card');
INSERT INTO Orders (CustomerID, OrderDate, TotalAmount, PaymentMethod)
VALUES (94, TO_TIMESTAMP('04-04-2025 11:30:00', 'DD-MM-YYYY HH24:MI:SS'), 600.00, 'Cash');
INSERT INTO Orders (CustomerID, OrderDate, TotalAmount, PaymentMethod)
VALUES (95, TO_TIMESTAMP('05-04-2025 09:15:00', 'DD-MM-YYYY HH24:MI:SS'), 700.00, 'Debit Card');
INSERT INTO Orders (CustomerID, OrderDate, TotalAmount, PaymentMethod)
VALUES (96, TO_TIMESTAMP('06-04-2025 12:00:00', 'DD-MM-YYYY HH24:MI:SS'), 900.00, 'PayPal');
INSERT INTO Orders (CustomerID, OrderDate, TotalAmount, PaymentMethod)
VALUES (97, TO_TIMESTAMP('07-04-2025 14:30:00', 'DD-MM-YYYY HH24:MI:SS'), 550.00, 'Credit Card');
INSERT INTO Orders (CustomerID, OrderDate, TotalAmount, PaymentMethod)
VALUES (98, TO_TIMESTAMP('08-04-2025 10:45:00', 'DD-MM-YYYY HH24:MI:SS'), 750.00, 'Cash');
INSERT INTO Orders (CustomerID, OrderDate, TotalAmount, PaymentMethod)
VALUES (99, TO_TIMESTAMP('09-04-2025 11:15:00', 'DD-MM-YYYY HH24:MI:SS'), 800.00, 'Debit Card');
INSERT INTO Orders (CustomerID, OrderDate, TotalAmount, PaymentMethod)
VALUES (100, TO_TIMESTAMP('10-04-2025 13:00:00', 'DD-MM-YYYY HH24:MI:SS'), 650.00, 'PayPal');


INSERT INTO OrderDetails (OrderID, ProductID, Quantity, UnitPrice, Discount)
VALUES (1, 1, 3, 50.00, 5.00);

INSERT INTO OrderDetails (OrderID, ProductID, Quantity, UnitPrice, Discount)
VALUES (2, 2, 2, 60.00, 10.00);

INSERT INTO OrderDetails (OrderID, ProductID, Quantity, UnitPrice, Discount)
VALUES (3, 3, 1, 70.00, 0.00);

INSERT INTO OrderDetails (OrderID, ProductID, Quantity, UnitPrice, Discount)
VALUES (4, 4, 5, 55.00, 5.00);

INSERT INTO OrderDetails (OrderID, ProductID, Quantity, UnitPrice, Discount)
VALUES (5, 5, 4, 60.00, 0.00);
INSERT INTO OrderDetails (OrderID, ProductID, Quantity, UnitPrice, Discount)
VALUES (6, 6, 3, 55.00, 7.00);

INSERT INTO OrderDetails (OrderID, ProductID, Quantity, UnitPrice, Discount)
VALUES (7, 7, 2, 65.00, 8.00);

INSERT INTO OrderDetails (OrderID, ProductID, Quantity, UnitPrice, Discount)
VALUES (8, 8, 4, 50.00, 4.00);

INSERT INTO OrderDetails (OrderID, ProductID, Quantity, UnitPrice, Discount)
VALUES (9, 9, 1, 45.00, 2.00);

INSERT INTO OrderDetails (OrderID, ProductID, Quantity, UnitPrice, Discount)
VALUES (10, 10, 3, 60.00, 6.00);

INSERT INTO OrderDetails (OrderID, ProductID, Quantity, UnitPrice, Discount)
VALUES (11, 11, 2, 70.00, 10.00);

INSERT INTO OrderDetails (OrderID, ProductID, Quantity, UnitPrice, Discount)
VALUES (12, 12, 5, 55.00, 5.00);

INSERT INTO OrderDetails (OrderID, ProductID, Quantity, UnitPrice, Discount)
VALUES (13, 13, 4, 65.00, 0.00);

INSERT INTO OrderDetails (OrderID, ProductID, Quantity, UnitPrice, Discount)
VALUES (14, 14, 3, 50.00, 5.00);

INSERT INTO OrderDetails (OrderID, ProductID, Quantity, UnitPrice, Discount)
VALUES (15, 15, 2, 60.00, 7.00);

-- Continue incrementing OrderID and cycling ProductID from 1 to 26
INSERT INTO OrderDetails (OrderID, ProductID, Quantity, UnitPrice, Discount)
VALUES (16, 16, 1, 70.00, 0.00);

INSERT INTO OrderDetails (OrderID, ProductID, Quantity, UnitPrice, Discount)
VALUES (17, 17, 3, 55.00, 6.00);

INSERT INTO OrderDetails (OrderID, ProductID, Quantity, UnitPrice, Discount)
VALUES (18, 18, 2, 60.00, 9.00);

INSERT INTO OrderDetails (OrderID, ProductID, Quantity, UnitPrice, Discount)
VALUES (19, 19, 4, 45.00, 3.00);

INSERT INTO OrderDetails (OrderID, ProductID, Quantity, UnitPrice, Discount)
VALUES (20, 20, 3, 50.00, 0.00);

INSERT INTO OrderDetails (OrderID, ProductID, Quantity, UnitPrice, Discount)
VALUES (21, 21, 5, 60.00, 5.00);

INSERT INTO OrderDetails (OrderID, ProductID, Quantity, UnitPrice, Discount)
VALUES (22, 22, 4, 55.00, 7.00);

INSERT INTO OrderDetails (OrderID, ProductID, Quantity, UnitPrice, Discount)
VALUES (23, 23, 3, 70.00, 6.00);

INSERT INTO OrderDetails (OrderID, ProductID, Quantity, UnitPrice, Discount)
VALUES (24, 24, 2, 65.00, 0.00);

INSERT INTO OrderDetails (OrderID, ProductID, Quantity, UnitPrice, Discount)
VALUES (25, 25, 4, 50.00, 4.00);

INSERT INTO OrderDetails (OrderID, ProductID, Quantity, UnitPrice, Discount)
VALUES (26, 26, 1, 45.00, 2.00);
INSERT INTO OrderDetails (OrderID, ProductID, Quantity, UnitPrice, Discount)
VALUES (27, 1, 3, 60.00, 5.00);

INSERT INTO OrderDetails (OrderID, ProductID, Quantity, UnitPrice, Discount)
VALUES (28, 2, 2, 70.00, 0.00);

INSERT INTO OrderDetails (OrderID, ProductID, Quantity, UnitPrice, Discount)
VALUES (29, 3, 4, 55.00, 7.00);

INSERT INTO OrderDetails (OrderID, ProductID, Quantity, UnitPrice, Discount)
VALUES (30, 4, 1, 65.00, 4.00);

INSERT INTO OrderDetails (OrderID, ProductID, Quantity, UnitPrice, Discount)
VALUES (31, 5, 2, 50.00, 6.00);

INSERT INTO OrderDetails (OrderID, ProductID, Quantity, UnitPrice, Discount)
VALUES (32, 6, 3, 55.00, 5.00);

INSERT INTO OrderDetails (OrderID, ProductID, Quantity, UnitPrice, Discount)
VALUES (33, 7, 4, 60.00, 2.00);

INSERT INTO OrderDetails (OrderID, ProductID, Quantity, UnitPrice, Discount)
VALUES (34, 8, 5, 70.00, 3.00);

INSERT INTO OrderDetails (OrderID, ProductID, Quantity, UnitPrice, Discount)
VALUES (35, 9, 3, 65.00, 4.00);

INSERT INTO OrderDetails (OrderID, ProductID, Quantity, UnitPrice, Discount)
VALUES (36, 10, 2, 55.00, 7.00);

INSERT INTO OrderDetails (OrderID, ProductID, Quantity, UnitPrice, Discount)
VALUES (37, 11, 4, 50.00, 6.00);

INSERT INTO OrderDetails (OrderID, ProductID, Quantity, UnitPrice, Discount)
VALUES (38, 12, 3, 60.00, 2.00);

INSERT INTO OrderDetails (OrderID, ProductID, Quantity, UnitPrice, Discount)
VALUES (39, 13, 5, 65.00, 1.00);

INSERT INTO OrderDetails (OrderID, ProductID, Quantity, UnitPrice, Discount)
VALUES (40, 14, 2, 50.00, 5.00);

INSERT INTO OrderDetails (OrderID, ProductID, Quantity, UnitPrice, Discount)
VALUES (41, 15, 4, 55.00, 0.00);

INSERT INTO OrderDetails (OrderID, ProductID, Quantity, UnitPrice, Discount)
VALUES (42, 16, 3, 60.00, 6.00);

INSERT INTO OrderDetails (OrderID, ProductID, Quantity, UnitPrice, Discount)
VALUES (43, 17, 2, 70.00, 3.00);

INSERT INTO OrderDetails (OrderID, ProductID, Quantity, UnitPrice, Discount)
VALUES (44, 18, 1, 65.00, 4.00);

INSERT INTO OrderDetails (OrderID, ProductID, Quantity, UnitPrice, Discount)
VALUES (45, 19, 5, 55.00, 2.00);

INSERT INTO OrderDetails (OrderID, ProductID, Quantity, UnitPrice, Discount)
VALUES (46, 20, 3, 60.00, 8.00);

INSERT INTO OrderDetails (OrderID, ProductID, Quantity, UnitPrice, Discount)
VALUES (47, 21, 2, 70.00, 0.00);

INSERT INTO OrderDetails (OrderID, ProductID, Quantity, UnitPrice, Discount)
VALUES (48, 22, 4, 50.00, 5.00);

INSERT INTO OrderDetails (OrderID, ProductID, Quantity, UnitPrice, Discount)
VALUES (49, 23, 1, 65.00, 7.00);

INSERT INTO OrderDetails (OrderID, ProductID, Quantity, UnitPrice, Discount)
VALUES (50, 24, 3, 55.00, 6.00);

INSERT INTO OrderDetails (OrderID, ProductID, Quantity, UnitPrice, Discount)
VALUES (51, 25, 4, 60.00, 2.00);

INSERT INTO OrderDetails (OrderID, ProductID, Quantity, UnitPrice, Discount)
VALUES (52, 26, 3, 65.00, 4.00);

INSERT INTO OrderDetails (OrderID, ProductID, Quantity, UnitPrice, Discount)
VALUES (53, 1, 5, 50.00, 6.00);

INSERT INTO OrderDetails (OrderID, ProductID, Quantity, UnitPrice, Discount)
VALUES (54, 2, 2, 55.00, 0.00);

INSERT INTO OrderDetails (OrderID, ProductID, Quantity, UnitPrice, Discount)
VALUES (55, 3, 1, 60.00, 3.00);

INSERT INTO OrderDetails (OrderID, ProductID, Quantity, UnitPrice, Discount)
VALUES (56, 4, 4, 70.00, 7.00);

INSERT INTO OrderDetails (OrderID, ProductID, Quantity, UnitPrice, Discount)
VALUES (57, 5, 3, 50.00, 5.00);

INSERT INTO OrderDetails (OrderID, ProductID, Quantity, UnitPrice, Discount)
VALUES (58, 6, 2, 55.00, 8.00);

INSERT INTO OrderDetails (OrderID, ProductID, Quantity, UnitPrice, Discount)
VALUES (59, 7, 4, 60.00, 1.00);

INSERT INTO OrderDetails (OrderID, ProductID, Quantity, UnitPrice, Discount)
VALUES (60, 8, 3, 65.00, 0.00);

INSERT INTO OrderDetails (OrderID, ProductID, Quantity, UnitPrice, Discount)
VALUES (61, 9, 2, 50.00, 6.00);

INSERT INTO OrderDetails (OrderID, ProductID, Quantity, UnitPrice, Discount)
VALUES (62, 10, 1, 55.00, 4.00);

INSERT INTO OrderDetails (OrderID, ProductID, Quantity, UnitPrice, Discount)
VALUES (63, 11, 5, 60.00, 2.00);

INSERT INTO OrderDetails (OrderID, ProductID, Quantity, UnitPrice, Discount)
VALUES (64, 12, 3, 70.00, 7.00);

INSERT INTO OrderDetails (OrderID, ProductID, Quantity, UnitPrice, Discount)
VALUES (65, 13, 2, 50.00, 0.00);

INSERT INTO OrderDetails (OrderID, ProductID, Quantity, UnitPrice, Discount)
VALUES (66, 14, 4, 55.00, 1.00);

INSERT INTO OrderDetails (OrderID, ProductID, Quantity, UnitPrice, Discount)
VALUES (67, 15, 3, 60.00, 5.00);

INSERT INTO OrderDetails (OrderID, ProductID, Quantity, UnitPrice, Discount)
VALUES (68, 16, 2, 65.00, 3.00);

INSERT INTO OrderDetails (OrderID, ProductID, Quantity, UnitPrice, Discount)
VALUES (69, 17, 4, 50.00, 6.00);

INSERT INTO OrderDetails (OrderID, ProductID, Quantity, UnitPrice, Discount)
VALUES (70, 18, 1, 55.00, 2.00);

INSERT INTO OrderDetails (OrderID, ProductID, Quantity, UnitPrice, Discount)
VALUES (71, 19, 5, 60.00, 0.00);

INSERT INTO OrderDetails (OrderID, ProductID, Quantity, UnitPrice, Discount)
VALUES (72, 20, 3, 70.00, 4.00);

INSERT INTO OrderDetails (OrderID, ProductID, Quantity, UnitPrice, Discount)
VALUES (73, 21, 2, 50.00, 5.00);

INSERT INTO OrderDetails (OrderID, ProductID, Quantity, UnitPrice, Discount)
VALUES (74, 22, 4, 55.00, 7.00);

INSERT INTO OrderDetails (OrderID, ProductID, Quantity, UnitPrice, Discount)
VALUES (75, 23, 1, 60.00, 6.00);

INSERT INTO OrderDetails (OrderID, ProductID, Quantity, UnitPrice, Discount)
VALUES (76, 24, 3, 65.00, 3.00);

INSERT INTO OrderDetails (OrderID, ProductID, Quantity, UnitPrice, Discount)
VALUES (77, 25, 2, 50.00, 5.00);

INSERT INTO OrderDetails (OrderID, ProductID, Quantity, UnitPrice, Discount)
VALUES (78, 26, 5, 55.00, 0.00);

INSERT INTO OrderDetails (OrderID, ProductID, Quantity, UnitPrice, Discount)
VALUES (79, 1, 3, 60.00, 1.00);

INSERT INTO OrderDetails (OrderID, ProductID, Quantity, UnitPrice, Discount)
VALUES (80, 2, 2, 65.00, 6.00);


-- Inventory data for ProductID 1 to 26
INSERT INTO Inventory (ProductID, Location, StockQuantity, LastRestocked)
VALUES (1, 'Warehouse A', 120, TO_DATE('2024-01-15', 'YYYY-MM-DD'));
INSERT INTO Inventory (ProductID, Location, StockQuantity, LastRestocked)
VALUES (2, 'Warehouse B', 150, TO_DATE('2024-02-01', 'YYYY-MM-DD'));
INSERT INTO Inventory (ProductID, Location, StockQuantity, LastRestocked)
VALUES (3, 'Warehouse C', 80, TO_DATE('2024-03-10', 'YYYY-MM-DD'));
INSERT INTO Inventory (ProductID, Location, StockQuantity, LastRestocked)
VALUES (4, 'Warehouse A', 200, TO_DATE('2024-01-20', 'YYYY-MM-DD'));
INSERT INTO Inventory (ProductID, Location, StockQuantity, LastRestocked)
VALUES (5, 'Warehouse B', 90, TO_DATE('2024-02-12', 'YYYY-MM-DD'));
INSERT INTO Inventory (ProductID, Location, StockQuantity, LastRestocked)
VALUES (6, 'Warehouse C', 50, TO_DATE('2024-03-15', 'YYYY-MM-DD'));
INSERT INTO Inventory (ProductID, Location, StockQuantity, LastRestocked)
VALUES (7, 'Warehouse A', 110, TO_DATE('2024-01-25', 'YYYY-MM-DD'));
INSERT INTO Inventory (ProductID, Location, StockQuantity, LastRestocked)
VALUES (8, 'Warehouse B', 180, TO_DATE('2024-02-18', 'YYYY-MM-DD'));
INSERT INTO Inventory (ProductID, Location, StockQuantity, LastRestocked)
VALUES (9, 'Warehouse C', 160, TO_DATE('2024-03-20', 'YYYY-MM-DD'));
INSERT INTO Inventory (ProductID, Location, StockQuantity, LastRestocked)
VALUES (10, 'Warehouse A', 130, TO_DATE('2024-01-30', 'YYYY-MM-DD'));
INSERT INTO Inventory (ProductID, Location, StockQuantity, LastRestocked)
VALUES (11, 'Warehouse B', 140, TO_DATE('2024-02-25', 'YYYY-MM-DD'));
INSERT INTO Inventory (ProductID, Location, StockQuantity, LastRestocked)
VALUES (12, 'Warehouse C', 120, TO_DATE('2024-03-05', 'YYYY-MM-DD'));
INSERT INTO Inventory (ProductID, Location, StockQuantity, LastRestocked)
VALUES (13, 'Warehouse A', 200, TO_DATE('2024-01-10', 'YYYY-MM-DD'));
INSERT INTO Inventory (ProductID, Location, StockQuantity, LastRestocked)
VALUES (14, 'Warehouse B', 180, TO_DATE('2024-02-15', 'YYYY-MM-DD'));
INSERT INTO Inventory (ProductID, Location, StockQuantity, LastRestocked)
VALUES (15, 'Warehouse C', 70, TO_DATE('2024-03-25', 'YYYY-MM-DD'));
INSERT INTO Inventory (ProductID, Location, StockQuantity, LastRestocked)
VALUES (16, 'Warehouse A', 90, TO_DATE('2024-01-05', 'YYYY-MM-DD'));
INSERT INTO Inventory (ProductID, Location, StockQuantity, LastRestocked)
VALUES (17, 'Warehouse B', 160, TO_DATE('2024-02-20', 'YYYY-MM-DD'));
INSERT INTO Inventory (ProductID, Location, StockQuantity, LastRestocked)
VALUES (18, 'Warehouse C', 130, TO_DATE('2024-03-30', 'YYYY-MM-DD'));
INSERT INTO Inventory (ProductID, Location, StockQuantity, LastRestocked)
VALUES (19, 'Warehouse A', 150, TO_DATE('2024-01-15', 'YYYY-MM-DD'));
INSERT INTO Inventory (ProductID, Location, StockQuantity, LastRestocked)
VALUES (20, 'Warehouse B', 110, TO_DATE('2024-02-10', 'YYYY-MM-DD'));
INSERT INTO Inventory (ProductID, Location, StockQuantity, LastRestocked)
VALUES (21, 'Warehouse C', 170, TO_DATE('2024-03-01', 'YYYY-MM-DD'));
INSERT INTO Inventory (ProductID, Location, StockQuantity, LastRestocked)
VALUES (22, 'Warehouse A', 140, TO_DATE('2024-01-20', 'YYYY-MM-DD'));
INSERT INTO Inventory (ProductID, Location, StockQuantity, LastRestocked)
VALUES (23, 'Warehouse B', 120, TO_DATE('2024-02-05', 'YYYY-MM-DD'));
INSERT INTO Inventory (ProductID, Location, StockQuantity, LastRestocked)
VALUES (24, 'Warehouse C', 160, TO_DATE('2024-03-10', 'YYYY-MM-DD'));
INSERT INTO Inventory (ProductID, Location, StockQuantity, LastRestocked)
VALUES (25, 'Warehouse A', 100, TO_DATE('2024-01-25', 'YYYY-MM-DD'));
INSERT INTO Inventory (ProductID, Location, StockQuantity, LastRestocked)
VALUES (26, 'Warehouse B', 180, TO_DATE('2024-02-28', 'YYYY-MM-DD'));


INSERT INTO Transactions (OrderID, PaymentDate, PaymentMethod, Amount) VALUES
(1, TO_TIMESTAMP('2024-01-06 10:10:00', 'YYYY-MM-DD HH24:MI:SS'), 'Credit Card', 500.00),
(2, TO_TIMESTAMP('2024-01-06 10:40:00', 'YYYY-MM-DD HH24:MI:SS'), 'PayPal', 300.00),
(3, TO_TIMESTAMP('2024-01-06 11:10:00', 'YYYY-MM-DD HH24:MI:SS'), 'Credit Card', 250.00),
(4, TO_TIMESTAMP('2024-01-06 11:40:00', 'YYYY-MM-DD HH24:MI:SS'), 'Bank Transfer', 400.00),
(5, TO_TIMESTAMP('2024-01-06 12:10:00', 'YYYY-MM-DD HH24:MI:SS'), 'Credit Card', 175.60),
(6, TO_TIMESTAMP('2024-01-06 12:40:00', 'YYYY-MM-DD HH24:MI:SS'), 'Debit Card', 220.00),
(7, TO_TIMESTAMP('2024-01-06 13:00:00', 'YYYY-MM-DD HH24:MI:SS'), 'PayPal', 130.75),
(8, TO_TIMESTAMP('2024-01-06 13:30:00', 'YYYY-MM-DD HH24:MI:SS'), 'Credit Card', 360.00),
(9, TO_TIMESTAMP('2024-01-06 14:00:00', 'YYYY-MM-DD HH24:MI:SS'), 'Bank Transfer', 300.00),
(10, TO_TIMESTAMP('2024-01-06 14:30:00', 'YYYY-MM-DD HH24:MI:SS'), 'Credit Card', 550.50),
(11, TO_TIMESTAMP('2024-01-06 15:00:00', 'YYYY-MM-DD HH24:MI:SS'), 'PayPal', 480.00),
(12, TO_TIMESTAMP('2024-01-06 15:30:00', 'YYYY-MM-DD HH24:MI:SS'), 'Debit Card', 210.00),
(13, TO_TIMESTAMP('2024-01-06 16:00:00', 'YYYY-MM-DD HH24:MI:SS'), 'Credit Card', 370.00),
(14, TO_TIMESTAMP('2024-01-06 16:30:00', 'YYYY-MM-DD HH24:MI:SS'), 'PayPal', 320.00),
(15, TO_TIMESTAMP('2024-01-06 17:00:00', 'YYYY-MM-DD HH24:MI:SS'), 'Bank Transfer', 440.00),
(16, TO_TIMESTAMP('2024-01-06 17:30:00', 'YYYY-MM-DD HH24:MI:SS'), 'Credit Card', 310.00),
(17, TO_TIMESTAMP('2024-01-06 18:00:00', 'YYYY-MM-DD HH24:MI:SS'), 'Debit Card', 250.00),
(18, TO_TIMESTAMP('2024-01-06 18:30:00', 'YYYY-MM-DD HH24:MI:SS'), 'PayPal', 210.00),
(19, TO_TIMESTAMP('2024-01-06 19:00:00', 'YYYY-MM-DD HH24:MI:SS'), 'Credit Card', 380.00),
(20, TO_TIMESTAMP('2024-01-06 19:30:00', 'YYYY-MM-DD HH24:MI:SS'), 'Bank Transfer', 460.00),
(21, TO_TIMESTAMP('2024-01-06 20:00:00', 'YYYY-MM-DD HH24:MI:SS'), 'PayPal', 250.00),
(22, TO_TIMESTAMP('2024-01-06 20:30:00', 'YYYY-MM-DD HH24:MI:SS'), 'Credit Card', 480.00),
(23, TO_TIMESTAMP('2024-01-06 21:00:00', 'YYYY-MM-DD HH24:MI:SS'), 'Debit Card', 370.00),
(24, TO_TIMESTAMP('2024-01-06 21:30:00', 'YYYY-MM-DD HH24:MI:SS'), 'Bank Transfer', 200.00),
(25, TO_TIMESTAMP('2024-01-06 22:00:00', 'YYYY-MM-DD HH24:MI:SS'), 'Credit Card', 540.00),
(26, TO_TIMESTAMP('2024-01-06 22:30:00', 'YYYY-MM-DD HH24:MI:SS'), 'PayPal', 320.00);
commit;