-- Insert sample data into the Categories table
INSERT INTO Categories (CategoryName, Description) VALUES ('Beverages', 'Soft drinks, coffees, teas, beers, and ales.');
INSERT INTO Categories (CategoryName, Description) VALUES ('Condiments', 'Sweet and savory sauces, relishes, spreads, and seasonings.');
INSERT INTO Categories (CategoryName, Description) VALUES ('Confections', 'Desserts, candies, and sweet breads.');
INSERT INTO Categories (CategoryName, Description) VALUES ('Dairy Products', 'Cheeses and other dairy products.');
INSERT INTO Categories (CategoryName, Description) VALUES ('Grains Cereals', 'Breads, crackers, pasta, and cereal.');
INSERT INTO Categories (CategoryName, Description) VALUES ('Meat Poultry', 'Prepared meats.');
INSERT INTO Categories (CategoryName, Description) VALUES ('Produce', 'Dried fruit and bean curd.');
INSERT INTO Categories (CategoryName, Description) VALUES ('Seafood', 'Seaweed and fish.');
INSERT INTO Categories (CategoryName, Description) VALUES ('Snacks', 'Chips, popcorn, and other snack foods.');
INSERT INTO Categories (CategoryName, Description) VALUES ('Frozen Foods', 'Frozen meals, vegetables, and desserts.');
INSERT INTO Categories (CategoryName, Description) VALUES ('Baking Goods', 'Flours, sugars, and baking mixes.');
INSERT INTO Categories (CategoryName, Description) VALUES ('Personal Care', 'Shampoos, soaps, and other personal care products.');
INSERT INTO Categories (CategoryName, Description) VALUES ('Household Supplies', 'Cleaning supplies, paper products, and laundry detergents.');
INSERT INTO Categories (CategoryName, Description) VALUES ('Pet Supplies', 'Food and accessories for pets.');
INSERT INTO Categories (CategoryName, Description) VALUES ('Health and Wellness', 'Vitamins, supplements, and health products.');
INSERT INTO Categories (CategoryName, Description) VALUES ('Baby Products', 'Diapers, baby food, and infant care items.');
INSERT INTO Categories (CategoryName, Description) VALUES ('Organic Foods', 'Foods made with organic ingredients.');
INSERT INTO Categories (CategoryName, Description) VALUES ('Beverage Mixes', 'Powdered and liquid drink mixes.');
INSERT INTO Categories (CategoryName, Description) VALUES ('International Foods', 'Specialty foods from different cuisines.');
INSERT INTO Categories (CategoryName, Description) VALUES ('Canned Goods', 'Canned vegetables, fruits, and soups.');
INSERT INTO Categories (CategoryName, Description) VALUES ('Ready-to-Eat Meals', 'Pre-packaged meals that are ready to eat.');
INSERT INTO Categories (CategoryName, Description) VALUES ('Gluten-Free Products', 'Foods suitable for a gluten-free diet.');


-- Insert sample data into the Suppliers table
INSERT INTO Suppliers (SupplierName, ContactName, Phone, Email, Address) 
VALUES ('Beverage Distributors Co.', 'John Smith', '123-456-7890', 'john.smith@beveragedist.com', '123 Beverage Lane, New York, NY, USA');

INSERT INTO Suppliers (SupplierName, ContactName, Phone, Email, Address) 
VALUES ('Global Condiments Ltd.', 'Sarah Johnson', '234-567-8901', 'sarah.johnson@globalcondiments.com', '456 Condiment Street, Chicago, IL, USA');

INSERT INTO Suppliers (SupplierName, ContactName, Phone, Email, Address) 
VALUES ('Sweet Treats Inc.', 'Emily Davis', '345-678-9012', 'emily.davis@sweettreats.com', '789 Confection Road, San Francisco, CA, USA');

INSERT INTO Suppliers (SupplierName, ContactName, Phone, Email, Address) 
VALUES ('Dairy Farms LLC', 'Michael Brown', '456-789-0123', 'michael.brown@dairyfarms.com', '101 Dairy Avenue, Madison, WI, USA');

INSERT INTO Suppliers (SupplierName, ContactName, Phone, Email, Address) 
VALUES ('Grain Supplies Corp.', 'Laura Wilson', '567-890-1234', 'laura.wilson@grainsupplies.com', '202 Grain Boulevard, Omaha, NE, USA');

INSERT INTO Suppliers (SupplierName, ContactName, Phone, Email, Address) 
VALUES ('Fresh Meats Co.', 'David Martinez', '678-901-2345', 'david.martinez@freshmeats.com', '303 Meat Street, Dallas, TX, USA');

INSERT INTO Suppliers (SupplierName, ContactName, Phone, Email, Address) 
VALUES ('Organic Produce LLC', 'Jessica Garcia', '789-012-3456', 'jessica.garcia@organicproduce.com', '404 Produce Avenue, Seattle, WA, USA');

INSERT INTO Suppliers (SupplierName, ContactName, Phone, Email, Address) 
VALUES ('Ocean Catch Inc.', 'Daniel Lee', '890-123-4567', 'daniel.lee@oceancatch.com', '505 Seafood Lane, Miami, FL, USA');

INSERT INTO Suppliers (SupplierName, ContactName, Phone, Email, Address) 
VALUES ('Snack Time Co.', 'Karen Taylor', '901-234-5678', 'karen.taylor@snacktime.com', '606 Snack Road, Denver, CO, USA');

INSERT INTO Suppliers (SupplierName, ContactName, Phone, Email, Address) 
VALUES ('Frozen Delights Ltd.', 'Andrew Robinson', '012-345-6789', 'andrew.robinson@frozendelights.com', '707 Frozen Way, Boston, MA, USA');

INSERT INTO Suppliers (SupplierName, ContactName, Phone, Email, Address) 
VALUES ('Baking Supplies Inc.', 'Sophia Clark', '123-456-7890', 'sophia.clark@bakingsupplies.com', '808 Baking Lane, Portland, OR, USA');

INSERT INTO Suppliers (SupplierName, ContactName, Phone, Email, Address) 
VALUES ('Personal Care Products Co.', 'Ryan Hall', '234-567-8901', 'ryan.hall@personalcare.com', '909 Care Street, Austin, TX, USA');

INSERT INTO Suppliers (SupplierName, ContactName, Phone, Email, Address) 
VALUES ('Household Essentials Ltd.', 'Megan Allen', '345-678-9012', 'megan.allen@householdessentials.com', '1010 Supply Drive, Phoenix, AZ, USA');

INSERT INTO Suppliers (SupplierName, ContactName, Phone, Email, Address) 
VALUES ('Pet Lovers Supplies', 'Joshua Wright', '456-789-0123', 'joshua.wright@petlovers.com', '111 Pet Lane, San Diego, CA, USA');

INSERT INTO Suppliers (SupplierName, ContactName, Phone, Email, Address) 
VALUES ('Health and Wellness Co.', 'Natalie King', '567-890-1234', 'natalie.king@healthandwellness.com', '222 Wellness Road, Salt Lake City, UT, USA');

INSERT INTO Suppliers (SupplierName, ContactName, Phone, Email, Address) 
VALUES ('Baby Care Supplies', 'Samuel Scott', '678-901-2345', 'samuel.scott@babycaresupplies.com', '333 Baby Drive, Minneapolis, MN, USA');

INSERT INTO Suppliers (SupplierName, ContactName, Phone, Email, Address) 
VALUES ('Organic Farmers Ltd.', 'Victoria Adams', '789-012-3456', 'victoria.adams@organicfarmers.com', '444 Organic Road, Atlanta, GA, USA');

INSERT INTO Suppliers (SupplierName, ContactName, Phone, Email, Address) 
VALUES ('Drink Mix Specialists', 'Benjamin Lopez', '890-123-4567', 'benjamin.lopez@drinkmix.com', '555 Mix Lane, Detroit, MI, USA');

INSERT INTO Suppliers (SupplierName, ContactName, Phone, Email, Address) 
VALUES ('International Foods Inc.', 'Hannah Hill', '901-234-5678', 'hannah.hill@intlfoods.com', '666 Cuisine Street, Houston, TX, USA');

INSERT INTO Suppliers (SupplierName, ContactName, Phone, Email, Address) 
VALUES ('Canned Goods Co.', 'Christopher Green', '012-345-6789', 'christopher.green@cannedgoods.com', '777 Can Road, Memphis, TN, USA');


-- Insert sample data into the Customers table
INSERT INTO Customers (FirstName, LastName, Email, Phone, Address, MembershipDate) 
VALUES ('James', 'Anderson', 'james.anderson@gmail.com', '555-101-1234', '100 Maple Street, Springfield, IL, USA', TO_DATE('2023-01-15', 'YYYY-MM-DD'));

INSERT INTO Customers (FirstName, LastName, Email, Phone, Address, MembershipDate) 
VALUES ('Mary', 'Johnson', 'mary.johnson@yahoo.com', '555-102-2345', '200 Oak Avenue, Columbus, OH, USA', TO_DATE('2022-07-10', 'YYYY-MM-DD'));

INSERT INTO Customers (FirstName, LastName, Email, Phone, Address, MembershipDate) 
VALUES ('Robert', 'Williams', 'robert.williams@hotmail.com', '555-103-3456', '300 Pine Road, Madison, WI, USA', TO_DATE('2023-05-05', 'YYYY-MM-DD'));

INSERT INTO Customers (FirstName, LastName, Email, Phone, Address, MembershipDate) 
VALUES ('Patricia', 'Brown', 'patricia.brown@outlook.com', '555-104-4567', '400 Cedar Drive, Denver, CO, USA', TO_DATE('2022-12-20', 'YYYY-MM-DD'));

INSERT INTO Customers (FirstName, LastName, Email, Phone, Address, MembershipDate) 
VALUES ('John', 'Jones', 'john.jones@aol.com', '555-105-5678', '500 Birch Lane, Seattle, WA, USA', TO_DATE('2021-09-15', 'YYYY-MM-DD'));

INSERT INTO Customers (FirstName, LastName, Email, Phone, Address, MembershipDate) 
VALUES ('Jennifer', 'Garcia', 'jennifer.garcia@gmail.com', '555-106-6789', '600 Elm Street, Boston, MA, USA', TO_DATE('2023-02-18', 'YYYY-MM-DD'));

INSERT INTO Customers (FirstName, LastName, Email, Phone, Address, MembershipDate) 
VALUES ('Michael', 'Martinez', 'michael.martinez@yahoo.com', '555-107-7890', '700 Aspen Court, Phoenix, AZ, USA', TO_DATE('2023-03-25', 'YYYY-MM-DD'));

INSERT INTO Customers (FirstName, LastName, Email, Phone, Address, MembershipDate) 
VALUES ('Linda', 'Rodriguez', 'linda.rodriguez@hotmail.com', '555-108-8901', '800 Walnut Circle, Orlando, FL, USA', TO_DATE('2021-06-30', 'YYYY-MM-DD'));

INSERT INTO Customers (FirstName, LastName, Email, Phone, Address, MembershipDate) 
VALUES ('David', 'Lee', 'david.lee@outlook.com', '555-109-9012', '900 Cedar Boulevard, Austin, TX, USA', TO_DATE('2022-08-12', 'YYYY-MM-DD'));

INSERT INTO Customers (FirstName, LastName, Email, Phone, Address, MembershipDate) 
VALUES ('Barbara', 'Wilson', 'barbara.wilson@aol.com', '555-110-0123', '1000 Willow Avenue, Portland, OR, USA', TO_DATE('2023-04-05', 'YYYY-MM-DD'));

INSERT INTO Customers (FirstName, LastName, Email, Phone, Address, MembershipDate) 
VALUES ('William', 'Clark', 'william.clark@gmail.com', '555-111-1234', '1100 Maple Street, Sacramento, CA, USA', TO_DATE('2023-06-20', 'YYYY-MM-DD'));

INSERT INTO Customers (FirstName, LastName, Email, Phone, Address, MembershipDate) 
VALUES ('Elizabeth', 'Walker', 'elizabeth.walker@yahoo.com', '555-112-2345', '1200 Poplar Lane, Atlanta, GA, USA', TO_DATE('2022-01-11', 'YYYY-MM-DD'));

INSERT INTO Customers (FirstName, LastName, Email, Phone, Address, MembershipDate) 
VALUES ('Charles', 'Hall', 'charles.hall@hotmail.com', '555-113-3456', '1300 Magnolia Drive, Charlotte, NC, USA', TO_DATE('2021-04-27', 'YYYY-MM-DD'));

INSERT INTO Customers (FirstName, LastName, Email, Phone, Address, MembershipDate) 
VALUES ('Susan', 'Young', 'susan.young@outlook.com', '555-114-4567', '1400 Cypress Road, Houston, TX, USA', TO_DATE('2022-09-09', 'YYYY-MM-DD'));

INSERT INTO Customers (FirstName, LastName, Email, Phone, Address, MembershipDate) 
VALUES ('Joseph', 'Allen', 'joseph.allen@aol.com', '555-115-5678', '1500 Juniper Street, Miami, FL, USA', TO_DATE('2023-07-04', 'YYYY-MM-DD'));

INSERT INTO Customers (FirstName, LastName, Email, Phone, Address, MembershipDate) 
VALUES ('Karen', 'Harris', 'karen.harris@gmail.com', '555-116-6789', '1600 Pine Grove, San Antonio, TX, USA', TO_DATE('2023-09-15', 'YYYY-MM-DD'));

INSERT INTO Customers (FirstName, LastName, Email, Phone, Address, MembershipDate) 
VALUES ('Thomas', 'Moore', 'thomas.moore@yahoo.com', '555-117-7890', '1700 Chestnut Way, Las Vegas, NV, USA', TO_DATE('2023-10-01', 'YYYY-MM-DD'));

INSERT INTO Customers (FirstName, LastName, Email, Phone, Address, MembershipDate) 
VALUES ('Nancy', 'Jackson', 'nancy.jackson@hotmail.com', '555-118-8901', '1800 Dogwood Trail, Nashville, TN, USA', TO_DATE('2021-11-08', 'YYYY-MM-DD'));

INSERT INTO Customers (FirstName, LastName, Email, Phone, Address, MembershipDate) 
VALUES ('Christopher', 'White', 'christopher.white@outlook.com', '555-119-9012', '1900 Aspen Street, Kansas City, MO, USA', TO_DATE('2022-02-14', 'YYYY-MM-DD'));

INSERT INTO Customers (FirstName, LastName, Email, Phone, Address, MembershipDate) 
VALUES ('Sarah', 'Martinez', 'sarah.martinez@aol.com', '555-120-0123', '2000 Birch Boulevard, Albuquerque, NM, USA', TO_DATE('2023-08-22', 'YYYY-MM-DD'));

INSERT INTO Customers (FirstName, LastName, Email, Phone, Address, MembershipDate) 
VALUES ('Brian', 'King', 'brian.king@gmail.com', '555-121-1234', '2100 Elmwood Drive, Dallas, TX, USA', TO_DATE('2023-11-01', 'YYYY-MM-DD'));

INSERT INTO Customers (FirstName, LastName, Email, Phone, Address, MembershipDate) 
VALUES ('Jessica', 'Wright', 'jessica.wright@yahoo.com', '555-122-2345', '2200 Pine Street, New Orleans, LA, USA', TO_DATE('2021-03-20', 'YYYY-MM-DD'));

INSERT INTO Customers (FirstName, LastName, Email, Phone, Address, MembershipDate) 
VALUES ('Jason', 'Green', 'jason.green@hotmail.com', '555-123-3456', '2300 Maple Avenue, Indianapolis, IN, USA', TO_DATE('2022-10-12', 'YYYY-MM-DD'));

INSERT INTO Customers (FirstName, LastName, Email, Phone, Address, MembershipDate) 
VALUES ('Megan', 'Baker', 'megan.baker@outlook.com', '555-124-4567', '2400 Oak Drive, Salt Lake City, UT, USA', TO_DATE('2022-05-22', 'YYYY-MM-DD'));

INSERT INTO Customers (FirstName, LastName, Email, Phone, Address, MembershipDate) 
VALUES ('Ethan', 'Hill', 'ethan.hill@aol.com', '555-125-5678', '2500 Birch Court, Pittsburgh, PA, USA', TO_DATE('2023-04-30', 'YYYY-MM-DD'));

INSERT INTO Customers (FirstName, LastName, Email, Phone, Address, MembershipDate) 
VALUES ('Sophia', 'Scott', 'sophia.scott@gmail.com', '555-126-6789', '2600 Chestnut Lane, Detroit, MI, USA', TO_DATE('2021-07-18', 'YYYY-MM-DD'));

INSERT INTO Customers (FirstName, LastName, Email, Phone, Address, MembershipDate) 
VALUES ('Andrew', 'Adams', 'andrew.adams@yahoo.com', '555-127-7890', '2700 Walnut Grove, Minneapolis, MN, USA', TO_DATE('2023-09-03', 'YYYY-MM-DD'));

INSERT INTO Customers (FirstName, LastName, Email, Phone, Address, MembershipDate) 
VALUES ('Emily', 'Nelson', 'emily.nelson@hotmail.com', '555-128-8901', '2800 Cedar Way, Tucson, AZ, USA', TO_DATE('2022-06-14', 'YYYY-MM-DD'));

INSERT INTO Customers (FirstName, LastName, Email, Phone, Address, MembershipDate) 
VALUES ('Benjamin', 'Carter', 'benjamin.carter@outlook.com', '555-129-9012', '2900 Dogwood Avenue, Tampa, FL, USA', TO_DATE('2021-12-05', 'YYYY-MM-DD'));

INSERT INTO Customers (FirstName, LastName, Email, Phone, Address, MembershipDate) 
VALUES ('Olivia', 'Mitchell', 'olivia.mitchell@aol.com', '555-130-0123', '3000 Spruce Circle, Omaha, NE, USA', TO_DATE('2023-02-27', 'YYYY-MM-DD'));

INSERT INTO Customers (FirstName, LastName, Email, Phone, Address, MembershipDate) 
VALUES ('Daniel', 'Perez', 'daniel.perez@gmail.com', '555-131-1234', '3100 Fir Street, St. Louis, MO, USA', TO_DATE('2021-09-09', 'YYYY-MM-DD'));

INSERT INTO Customers (FirstName, LastName, Email, Phone, Address, MembershipDate) 
VALUES ('Chloe', 'Roberts', 'chloe.roberts@yahoo.com', '555-132-2345', '3200 Cedar Court, Raleigh, NC, USA', TO_DATE('2022-04-08', 'YYYY-MM-DD'));

INSERT INTO Customers (FirstName, LastName, Email, Phone, Address, MembershipDate) 
VALUES ('Ryan', 'Turner', 'ryan.turner@hotmail.com', '555-133-3456', '3300 Maplewood Drive, Memphis, TN, USA', TO_DATE('2023-06-15', 'YYYY-MM-DD'));

INSERT INTO Customers (FirstName, LastName, Email, Phone, Address, MembershipDate) 
VALUES ('Grace', 'Phillips', 'grace.phillips@outlook.com', '555-134-4567', '3400 Willow Lane, Jacksonville, FL, USA', TO_DATE('2022-02-11', 'YYYY-MM-DD'));

INSERT INTO Customers (FirstName, LastName, Email, Phone, Address, MembershipDate) 
VALUES ('Alexander', 'Evans', 'alexander.evans@aol.com', '555-135-5678', '3500 Poplar Avenue, Richmond, VA, USA', TO_DATE('2023-08-01', 'YYYY-MM-DD'));

INSERT INTO Customers (FirstName, LastName, Email, Phone, Address, MembershipDate) 
VALUES ('Ella', 'Collins', 'ella.collins@gmail.com', '555-136-6789', '3600 Pine Ridge, Charleston, SC, USA', TO_DATE('2021-05-29', 'YYYY-MM-DD'));

INSERT INTO Customers (FirstName, LastName, Email, Phone, Address, MembershipDate) 
VALUES ('Samuel', 'Stewart', 'samuel.stewart@yahoo.com', '555-137-7890', '3700 Oak Ridge, Louisville, KY, USA', TO_DATE('2022-08-24', 'YYYY-MM-DD'));

INSERT INTO Customers (FirstName, LastName, Email, Phone, Address, MembershipDate) 
VALUES ('Victoria', 'Sanchez', 'victoria.sanchez@hotmail.com', '555-138-8901', '3800 Birch Hill, Milwaukee, WI, USA', TO_DATE('2023-01-20', 'YYYY-MM-DD'));

INSERT INTO Customers (FirstName, LastName, Email, Phone, Address, MembershipDate) 
VALUES ('Liam', 'Hughes', 'liam.hughes@outlook.com', '555-139-9012', '3900 Aspen Way, Boise, ID, USA', TO_DATE('2022-11-02', 'YYYY-MM-DD'));

INSERT INTO Customers (FirstName, LastName, Email, Phone, Address, MembershipDate) 
VALUES ('Ava', 'Ramirez', 'ava.ramirez@aol.com', '555-140-0123', '4000 Willow Path, Anchorage, AK, USA', TO_DATE('2023-12-10', 'YYYY-MM-DD'));

INSERT INTO Customers (FirstName, LastName, Email, Phone, Address, MembershipDate) 
VALUES ('Hannah', 'Flores', 'hannah.flores@gmail.com', '555-141-1234', '4100 Sycamore Street, Columbus, OH, USA', TO_DATE('2021-08-15', 'YYYY-MM-DD'));

INSERT INTO Customers (FirstName, LastName, Email, Phone, Address, MembershipDate) 
VALUES ('Matthew', 'Morris', 'matthew.morris@yahoo.com', '555-142-2345', '4200 Redwood Drive, Atlanta, GA, USA', TO_DATE('2022-07-03', 'YYYY-MM-DD'));

INSERT INTO Customers (FirstName, LastName, Email, Phone, Address, MembershipDate) 
VALUES ('Abigail', 'Rivera', 'abigail.rivera@hotmail.com', '555-143-3456', '4300 Cypress Avenue, Kansas City, KS, USA', TO_DATE('2023-09-25', 'YYYY-MM-DD'));

INSERT INTO Customers (FirstName, LastName, Email, Phone, Address, MembershipDate) 
VALUES ('Lucas', 'Torres', 'lucas.torres@outlook.com', '555-144-4567', '4400 Cedar Ridge, Phoenix, AZ, USA', TO_DATE('2022-03-14', 'YYYY-MM-DD'));

INSERT INTO Customers (FirstName, LastName, Email, Phone, Address, MembershipDate) 
VALUES ('Ella', 'Gray', 'ella.gray@aol.com', '555-145-5678', '4500 Aspen Grove, Denver, CO, USA', TO_DATE('2021-04-10', 'YYYY-MM-DD'));

INSERT INTO Customers (FirstName, LastName, Email, Phone, Address, MembershipDate) 
VALUES ('James', 'Ross', 'james.ross@gmail.com', '555-146-6789', '4600 Fir Valley, Seattle, WA, USA', TO_DATE('2023-01-08', 'YYYY-MM-DD'));

INSERT INTO Customers (FirstName, LastName, Email, Phone, Address, MembershipDate) 
VALUES ('Avery', 'Kelly', 'avery.kelly@yahoo.com', '555-147-7890', '4700 Maple Ridge, Portland, OR, USA', TO_DATE('2022-12-19', 'YYYY-MM-DD'));

INSERT INTO Customers (FirstName, LastName, Email, Phone, Address, MembershipDate) 
VALUES ('Jack', 'Cook', 'jack.cook@hotmail.com', '555-148-8901', '4800 Pine Crest, Las Vegas, NV, USA', TO_DATE('2021-10-27', 'YYYY-MM-DD'));

INSERT INTO Customers (FirstName, LastName, Email, Phone, Address, MembershipDate) 
VALUES ('Lily', 'Morgan', 'lily.morgan@outlook.com', '555-149-9012', '4900 Spruce Hill, Austin, TX, USA', TO_DATE('2023-05-11', 'YYYY-MM-DD'));

INSERT INTO Customers (FirstName, LastName, Email, Phone, Address, MembershipDate) 
VALUES ('Dylan', 'Brooks', 'dylan.brooks@aol.com', '555-150-0123', '5000 Oak Hill, Charlotte, NC, USA', TO_DATE('2022-02-01', 'YYYY-MM-DD'));

INSERT INTO Customers (FirstName, LastName, Email, Phone, Address, MembershipDate) 
VALUES ('Scarlett', 'Cruz', 'scarlett.cruz@gmail.com', '555-151-1234', '5100 Birch Valley, Boston, MA, USA', TO_DATE('2021-06-30', 'YYYY-MM-DD'));

INSERT INTO Customers (FirstName, LastName, Email, Phone, Address, MembershipDate) 
VALUES ('Nathan', 'Reed', 'nathan.reed@yahoo.com', '555-152-2345', '5200 Sycamore Grove, Nashville, TN, USA', TO_DATE('2023-08-05', 'YYYY-MM-DD'));

INSERT INTO Customers (FirstName, LastName, Email, Phone, Address, MembershipDate) 
VALUES ('Aria', 'Gonzalez', 'aria.gonzalez@hotmail.com', '555-153-3456', '5300 Willow Creek, San Diego, CA, USA', TO_DATE('2022-11-22', 'YYYY-MM-DD'));

INSERT INTO Customers (FirstName, LastName, Email, Phone, Address, MembershipDate) 
VALUES ('Eli', 'Peterson', 'eli.peterson@outlook.com', '555-154-4567', '5400 Cedar Crest, Orlando, FL, USA', TO_DATE('2023-04-02', 'YYYY-MM-DD'));

INSERT INTO Customers (FirstName, LastName, Email, Phone, Address, MembershipDate) 
VALUES ('Isabella', 'Foster', 'isabella.foster@aol.com', '555-155-5678', '5500 Maple Lane, Sacramento, CA, USA', TO_DATE('2021-12-18', 'YYYY-MM-DD'));

INSERT INTO Customers (FirstName, LastName, Email, Phone, Address, MembershipDate) 
VALUES ('Henry', 'Hernandez', 'henry.hernandez@gmail.com', '555-156-6789', '5600 Pine Valley, Albuquerque, NM, USA', TO_DATE('2022-09-30', 'YYYY-MM-DD'));

INSERT INTO Customers (FirstName, LastName, Email, Phone, Address, MembershipDate) 
VALUES ('Sofia', 'Ramsey', 'sofia.ramsey@yahoo.com', '555-157-7890', '5700 Oakwood Drive, Fresno, CA, USA', TO_DATE('2023-07-20', 'YYYY-MM-DD'));

INSERT INTO Customers (FirstName, LastName, Email, Phone, Address, MembershipDate) 
VALUES ('Oliver', 'Hunt', 'oliver.hunt@hotmail.com', '555-158-8901', '5800 Birchwood Lane, Miami, FL, USA', TO_DATE('2021-11-09', 'YYYY-MM-DD'));

INSERT INTO Customers (FirstName, LastName, Email, Phone, Address, MembershipDate) 
VALUES ('Mila', 'Griffin', 'mila.griffin@outlook.com', '555-159-9012', '5900 Spruce Ridge, Chicago, IL, USA', TO_DATE('2022-06-01', 'YYYY-MM-DD'));

INSERT INTO Customers (FirstName, LastName, Email, Phone, Address, MembershipDate) 
VALUES ('Logan', 'Bailey', 'logan.bailey@aol.com', '555-160-0123', '6000 Maplewood Path, Houston, TX, USA', TO_DATE('2023-02-16', 'YYYY-MM-DD'));

INSERT INTO Customers (FirstName, LastName, Email, Phone, Address, MembershipDate) 
VALUES ('Victoria', 'Walker', 'victoria.walker@gmail.com', '555-161-1234', '6100 Elm Street, Salt Lake City, UT, USA', TO_DATE('2022-01-15', 'YYYY-MM-DD'));

INSERT INTO Customers (FirstName, LastName, Email, Phone, Address, MembershipDate) 
VALUES ('Ryan', 'Cooper', 'ryan.cooper@yahoo.com', '555-162-2345', '6200 Magnolia Drive, Indianapolis, IN, USA', TO_DATE('2023-03-05', 'YYYY-MM-DD'));

INSERT INTO Customers (FirstName, LastName, Email, Phone, Address, MembershipDate) 
VALUES ('Chloe', 'Mitchell', 'chloe.mitchell@hotmail.com', '555-163-3456', '6300 Cherry Lane, Tampa, FL, USA', TO_DATE('2021-10-20', 'YYYY-MM-DD'));

INSERT INTO Customers (FirstName, LastName, Email, Phone, Address, MembershipDate) 
VALUES ('Liam', 'Howard', 'liam.howard@outlook.com', '555-164-4567', '6400 Palm Grove, San Jose, CA, USA', TO_DATE('2022-08-12', 'YYYY-MM-DD'));

INSERT INTO Customers (FirstName, LastName, Email, Phone, Address, MembershipDate) 
VALUES ('Emily', 'Price', 'emily.price@aol.com', '555-165-5678', '6500 Birch Street, Memphis, TN, USA', TO_DATE('2023-06-18', 'YYYY-MM-DD'));

INSERT INTO Customers (FirstName, LastName, Email, Phone, Address, MembershipDate) 
VALUES ('Benjamin', 'Wood', 'benjamin.wood@gmail.com', '555-166-6789', '6600 Pine View, Jacksonville, FL, USA', TO_DATE('2021-09-22', 'YYYY-MM-DD'));

INSERT INTO Customers (FirstName, LastName, Email, Phone, Address, MembershipDate) 
VALUES ('Zoe', 'Jenkins', 'zoe.jenkins@yahoo.com', '555-167-7890', '6700 Maple Hill, Louisville, KY, USA', TO_DATE('2022-04-09', 'YYYY-MM-DD'));

INSERT INTO Customers (FirstName, LastName, Email, Phone, Address, MembershipDate) 
VALUES ('Ethan', 'Fisher', 'ethan.fisher@hotmail.com', '555-168-8901', '6800 Cedar Lane, Milwaukee, WI, USA', TO_DATE('2023-05-28', 'YYYY-MM-DD'));

INSERT INTO Customers (FirstName, LastName, Email, Phone, Address, MembershipDate) 
VALUES ('Grace', 'Hamilton', 'grace.hamilton@outlook.com', '555-169-9012', '6900 Oakwood Street, Detroit, MI, USA', TO_DATE('2022-02-14', 'YYYY-MM-DD'));

INSERT INTO Customers (FirstName, LastName, Email, Phone, Address, MembershipDate) 
VALUES ('Daniel', 'Harris', 'daniel.harris@aol.com', '555-170-0123', '7000 Spruce Way, Omaha, NE, USA', TO_DATE('2021-11-11', 'YYYY-MM-DD'));

INSERT INTO Customers (FirstName, LastName, Email, Phone, Address, MembershipDate) 
VALUES ('Sophia', 'Bell', 'sophia.bell@gmail.com', '555-171-1234', '7100 Willow Lane, Raleigh, NC, USA', TO_DATE('2023-07-08', 'YYYY-MM-DD'));

INSERT INTO Customers (FirstName, LastName, Email, Phone, Address, MembershipDate) 
VALUES ('Noah', 'Young', 'noah.young@yahoo.com', '555-172-2345', '7200 Ash Drive, New Orleans, LA, USA', TO_DATE('2022-10-04', 'YYYY-MM-DD'));

INSERT INTO Customers (FirstName, LastName, Email, Phone, Address, MembershipDate) 
VALUES ('Lila', 'Scott', 'lila.scott@hotmail.com', '555-173-3456', '7300 Maple Grove, Tulsa, OK, USA', TO_DATE('2021-06-16', 'YYYY-MM-DD'));

INSERT INTO Customers (FirstName, LastName, Email, Phone, Address, MembershipDate) 
VALUES ('Caleb', 'Powell', 'caleb.powell@outlook.com', '555-174-4567', '7400 Pinewood Drive, Wichita, KS, USA', TO_DATE('2023-09-12', 'YYYY-MM-DD'));

INSERT INTO Customers (FirstName, LastName, Email, Phone, Address, MembershipDate) 
VALUES ('Amelia', 'Patterson', 'amelia.patterson@aol.com', '555-175-5678', '7500 Cedar Ridge, Oklahoma City, OK, USA', TO_DATE('2022-05-25', 'YYYY-MM-DD'));

INSERT INTO Customers (FirstName, LastName, Email, Phone, Address, MembershipDate) 
VALUES ('Nathaniel', 'Watson', 'nathaniel.watson@gmail.com', '555-176-6789', '7600 Birch Path, Cleveland, OH, USA', TO_DATE('2021-08-01', 'YYYY-MM-DD'));

INSERT INTO Customers (FirstName, LastName, Email, Phone, Address, MembershipDate) 
VALUES ('Harper', 'Murphy', 'harper.murphy@yahoo.com', '555-177-7890', '7700 Elm Grove, Arlington, TX, USA', TO_DATE('2022-03-20', 'YYYY-MM-DD'));

INSERT INTO Customers (FirstName, LastName, Email, Phone, Address, MembershipDate) 
VALUES ('Samuel', 'Ross', 'samuel.ross@hotmail.com', '555-178-8901', '7800 Redwood Trail, Mesa, AZ, USA', TO_DATE('2023-01-30', 'YYYY-MM-DD'));

INSERT INTO Customers (FirstName, LastName, Email, Phone, Address, MembershipDate) 
VALUES ('Ella', 'Hayes', 'ella.hayes@outlook.com', '555-179-9012', '7900 Aspen Circle, Tampa, FL, USA', TO_DATE('2021-04-21', 'YYYY-MM-DD'));

INSERT INTO Customers (FirstName, LastName, Email, Phone, Address, MembershipDate) 
VALUES ('Mason', 'Carter', 'mason.carter@aol.com', '555-180-0123', '8000 Cypress Avenue, Pittsburgh, PA, USA', TO_DATE('2022-06-14', 'YYYY-MM-DD'));
INSERT INTO Customers (FirstName, LastName, Email, Phone, Address, MembershipDate) 
VALUES ('Olivia', 'Reed', 'olivia.reed@gmail.com', '555-181-1234', '8100 Maplewood Drive, Buffalo, NY, USA', TO_DATE('2023-02-10', 'YYYY-MM-DD'));

INSERT INTO Customers (FirstName, LastName, Email, Phone, Address, MembershipDate) 
VALUES ('Henry', 'Brooks', 'henry.brooks@yahoo.com', '555-182-2345', '8200 Oak Ridge, Richmond, VA, USA', TO_DATE('2021-09-25', 'YYYY-MM-DD'));

INSERT INTO Customers (FirstName, LastName, Email, Phone, Address, MembershipDate) 
VALUES ('Ava', 'Kelly', 'ava.kelly@hotmail.com', '555-183-3456', '8300 Willow Park, Atlanta, GA, USA', TO_DATE('2022-07-18', 'YYYY-MM-DD'));

INSERT INTO Customers (FirstName, LastName, Email, Phone, Address, MembershipDate) 
VALUES ('Jack', 'Ward', 'jack.ward@outlook.com', '555-184-4567', '8400 Pinecrest Street, Minneapolis, MN, USA', TO_DATE('2023-11-01', 'YYYY-MM-DD'));

INSERT INTO Customers (FirstName, LastName, Email, Phone, Address, MembershipDate) 
VALUES ('Sophia', 'Morris', 'sophia.morris@aol.com', '555-185-5678', '8500 Cedar View, Charlotte, NC, USA', TO_DATE('2022-01-22', 'YYYY-MM-DD'));

INSERT INTO Customers (FirstName, LastName, Email, Phone, Address, MembershipDate) 
VALUES ('Alexander', 'Peterson', 'alexander.peterson@gmail.com', '555-186-6789', '8600 Birchwood Lane, Seattle, WA, USA', TO_DATE('2021-10-12', 'YYYY-MM-DD'));

INSERT INTO Customers (FirstName, LastName, Email, Phone, Address, MembershipDate) 
VALUES ('Mia', 'Cook', 'mia.cook@yahoo.com', '555-187-7890', '8700 Palm Avenue, Portland, OR, USA', TO_DATE('2022-03-16', 'YYYY-MM-DD'));

INSERT INTO Customers (FirstName, LastName, Email, Phone, Address, MembershipDate) 
VALUES ('Lucas', 'Bailey', 'lucas.bailey@hotmail.com', '555-188-8901', '8800 Elm Street, Denver, CO, USA', TO_DATE('2023-06-29', 'YYYY-MM-DD'));

INSERT INTO Customers (FirstName, LastName, Email, Phone, Address, MembershipDate) 
VALUES ('Amelia', 'Gray', 'amelia.gray@outlook.com', '555-189-9012', '8900 Spruce Avenue, Columbus, OH, USA', TO_DATE('2021-12-07', 'YYYY-MM-DD'));

INSERT INTO Customers (FirstName, LastName, Email, Phone, Address, MembershipDate) 
VALUES ('Logan', 'Powell', 'logan.powell@aol.com', '555-190-0123', '9000 Redwood Boulevard, Kansas City, MO, USA', TO_DATE('2022-05-01', 'YYYY-MM-DD'));

INSERT INTO Customers (FirstName, LastName, Email, Phone, Address, MembershipDate) 
VALUES ('Emily', 'Hughes', 'emily.hughes@gmail.com', '555-191-1234', '9100 Ashbrook Road, Nashville, TN, USA', TO_DATE('2023-08-14', 'YYYY-MM-DD'));

INSERT INTO Customers (FirstName, LastName, Email, Phone, Address, MembershipDate) 
VALUES ('Owen', 'Sanders', 'owen.sanders@yahoo.com', '555-192-2345', '9200 Cypress Way, Boston, MA, USA', TO_DATE('2021-04-09', 'YYYY-MM-DD'));

INSERT INTO Customers (FirstName, LastName, Email, Phone, Address, MembershipDate) 
VALUES ('Charlotte', 'Parker', 'charlotte.parker@hotmail.com', '555-193-3456', '9300 Willow Bend, Houston, TX, USA', TO_DATE('2022-11-05', 'YYYY-MM-DD'));

INSERT INTO Customers (FirstName, LastName, Email, Phone, Address, MembershipDate) 
VALUES ('James', 'Ross', 'james.ross@outlook.com', '555-194-4567', '9400 Maple Leaf, Phoenix, AZ, USA', TO_DATE('2023-01-20', 'YYYY-MM-DD'));

INSERT INTO Customers (FirstName, LastName, Email, Phone, Address, MembershipDate) 
VALUES ('Lily', 'Bryant', 'lily.bryant@aol.com', '555-195-5678', '9500 Cedar Path, Dallas, TX, USA', TO_DATE('2022-08-30', 'YYYY-MM-DD'));

INSERT INTO Customers (FirstName, LastName, Email, Phone, Address, MembershipDate) 
VALUES ('Isaac', 'Jenkins', 'isaac.jenkins@gmail.com', '555-196-6789', '9600 Birch Lane, Las Vegas, NV, USA', TO_DATE('2021-03-17', 'YYYY-MM-DD'));

INSERT INTO Customers (FirstName, LastName, Email, Phone, Address, MembershipDate) 
VALUES ('Ella', 'Clark', 'ella.clark@yahoo.com', '555-197-7890', '9700 Palm Grove, Miami, FL, USA', TO_DATE('2023-09-10', 'YYYY-MM-DD'));

INSERT INTO Customers (FirstName, LastName, Email, Phone, Address, MembershipDate) 
VALUES ('Gabriel', 'Mitchell', 'gabriel.mitchell@hotmail.com', '555-198-8901', '9800 Oakwood Drive, San Francisco, CA, USA', TO_DATE('2022-07-02', 'YYYY-MM-DD'));

INSERT INTO Customers (FirstName, LastName, Email, Phone, Address, MembershipDate) 
VALUES ('Chloe', 'Ramirez', 'chloe.ramirez@outlook.com', '555-199-9012', '9900 Spruce Court, Albuquerque, NM, USA', TO_DATE('2021-06-27', 'YYYY-MM-DD'));

INSERT INTO Customers (FirstName, LastName, Email, Phone, Address, MembershipDate) 
VALUES ('Ethan', 'Hall', 'ethan.hall@aol.com', '555-200-0123', '10000 Maple Street, Sacramento, CA, USA', TO_DATE('2023-10-21', 'YYYY-MM-DD'));



-- Insert rows for the Products table

INSERT INTO Products (ProductName, CategoryID, SupplierID, Price, StockQuantity, ReorderLevel) 
VALUES ('Product A', 65, 61, 50.00, 200, 50);
INSERT INTO Products (ProductName, CategoryID, SupplierID, Price, StockQuantity, ReorderLevel) 
VALUES ('Product B', 66, 62, 60.00, 150, 40);
INSERT INTO Products (ProductName, CategoryID, SupplierID, Price, StockQuantity, ReorderLevel) 
VALUES ('Product C', 67, 63, 45.50, 180, 35);
INSERT INTO Products (ProductName, CategoryID, SupplierID, Price, StockQuantity, ReorderLevel) 
VALUES ('Product D', 68, 64, 72.30, 220, 60);
INSERT INTO Products (ProductName, CategoryID, SupplierID, Price, StockQuantity, ReorderLevel) 
VALUES ('Product E', 69, 65, 85.00, 100, 30);
INSERT INTO Products (ProductName, CategoryID, SupplierID, Price, StockQuantity, ReorderLevel) 
VALUES ('Product F', 70, 66, 110.00, 80, 25);
INSERT INTO Products (ProductName, CategoryID, SupplierID, Price, StockQuantity, ReorderLevel) 
VALUES ('Product G', 71, 67, 120.50, 150, 40);
INSERT INTO Products (ProductName, CategoryID, SupplierID, Price, StockQuantity, ReorderLevel) 
VALUES ('Product H', 72, 68, 95.00, 300, 50);
INSERT INTO Products (ProductName, CategoryID, SupplierID, Price, StockQuantity, ReorderLevel) 
VALUES ('Product I', 73, 69, 80.00, 500, 70);
INSERT INTO Products (ProductName, CategoryID, SupplierID, Price, StockQuantity, ReorderLevel) 
VALUES ('Product J', 74, 70, 110.00, 150, 30);
INSERT INTO Products (ProductName, CategoryID, SupplierID, Price, StockQuantity, ReorderLevel) 
VALUES ('Product K', 75, 71, 150.00, 200, 60);
INSERT INTO Products (ProductName, CategoryID, SupplierID, Price, StockQuantity, ReorderLevel) 
VALUES ('Product L', 76, 72, 140.00, 180, 40);
INSERT INTO Products (ProductName, CategoryID, SupplierID, Price, StockQuantity, ReorderLevel) 
VALUES ('Product M', 77, 73, 135.00, 220, 55);
INSERT INTO Products (ProductName, CategoryID, SupplierID, Price, StockQuantity, ReorderLevel) 
VALUES ('Product N', 78, 74, 65.00, 190, 50);
INSERT INTO Products (ProductName, CategoryID, SupplierID, Price, StockQuantity, ReorderLevel) 
VALUES ('Product O', 79, 75, 70.00, 160, 45);
INSERT INTO Products (ProductName, CategoryID, SupplierID, Price, StockQuantity, ReorderLevel) 
VALUES ('Product P', 80, 76, 90.00, 240, 60);
INSERT INTO Products (ProductName, CategoryID, SupplierID, Price, StockQuantity, ReorderLevel) 
VALUES ('Product Q', 81, 77, 85.00, 230, 55);
INSERT INTO Products (ProductName, CategoryID, SupplierID, Price, StockQuantity, ReorderLevel) 
VALUES ('Product R', 82, 78, 95.00, 210, 50);
INSERT INTO Products (ProductName, CategoryID, SupplierID, Price, StockQuantity, ReorderLevel) 
VALUES ('Product S', 83, 79, 130.00, 270, 65);
INSERT INTO Products (ProductName, CategoryID, SupplierID, Price, StockQuantity, ReorderLevel) 
VALUES ('Product T', 84, 80, 115.00, 150, 40);
INSERT INTO Products (ProductName, CategoryID, SupplierID, Price, StockQuantity, ReorderLevel) 
VALUES ('Product U', 85, 72, 160.00, 200, 50);
INSERT INTO Products (ProductName, CategoryID, SupplierID, Price, StockQuantity, ReorderLevel) 
VALUES ('Product V', 86, 73, 170.00, 180, 45);
INSERT INTO Products (ProductName, CategoryID, SupplierID, Price, StockQuantity, ReorderLevel) 
VALUES ('Product W', 65, 74, 90.00, 230, 60);
INSERT INTO Products (ProductName, CategoryID, SupplierID, Price, StockQuantity, ReorderLevel) 
VALUES ('Product X', 66, 75, 100.00, 220, 55);
INSERT INTO Products (ProductName, CategoryID, SupplierID, Price, StockQuantity, ReorderLevel) 
VALUES ('Product Y', 67, 76, 80.00, 210, 50);
INSERT INTO Products (ProductName, CategoryID, SupplierID, Price, StockQuantity, ReorderLevel) 
VALUES ('Product Z', 68, 77, 120.00, 180, 45);

-- Continue generating more rows...

INSERT INTO Products (ProductName, CategoryID, SupplierID, Price, StockQuantity, ReorderLevel) 
VALUES ('Product AA', 69, 78, 75.00, 240, 60);
INSERT INTO Products (ProductName, CategoryID, SupplierID, Price, StockQuantity, ReorderLevel) 
VALUES ('Product AB', 70, 79, 95.00, 260, 65);
INSERT INTO Products (ProductName, CategoryID, SupplierID, Price, StockQuantity, ReorderLevel) 
VALUES ('Product AC', 71, 80, 115.00, 230, 50);
INSERT INTO Products (ProductName, CategoryID, SupplierID, Price, StockQuantity, ReorderLevel) 
VALUES ('Product AD', 72, 81, 135.00, 200, 50);
INSERT INTO Products (ProductName, CategoryID, SupplierID, Price, StockQuantity, ReorderLevel) 
VALUES ('Product AE', 73, 82, 140.00, 170, 45);
INSERT INTO Products (ProductName, CategoryID, SupplierID, Price, StockQuantity, ReorderLevel) 
VALUES ('Product AF', 74, 83, 150.00, 180, 40);
INSERT INTO Products (ProductName, CategoryID, SupplierID, Price, StockQuantity, ReorderLevel) 
VALUES ('Product AG', 75, 84, 160.00, 190, 50);
INSERT INTO Products (ProductName, CategoryID, SupplierID, Price, StockQuantity, ReorderLevel) 
VALUES ('Product AH', 76, 85, 170.00, 210, 60);
INSERT INTO Products (ProductName, CategoryID, SupplierID, Price, StockQuantity, ReorderLevel) 
VALUES ('Product AI', 77, 86, 180.00, 200, 55);
INSERT INTO Products (ProductName, CategoryID, SupplierID, Price, StockQuantity, ReorderLevel) 
VALUES ('Product AJ', 78, 72, 90.00, 250, 65);
INSERT INTO Products (ProductName, CategoryID, SupplierID, Price, StockQuantity, ReorderLevel) 
VALUES ('Product AK', 79, 73, 100.00, 220, 60);
INSERT INTO Products (ProductName, CategoryID, SupplierID, Price, StockQuantity, ReorderLevel) 
VALUES ('Product AL', 80, 74, 110.00, 200, 55);
INSERT INTO Products (ProductName, CategoryID, SupplierID, Price, StockQuantity, ReorderLevel) 
VALUES ('Product AM', 81, 75, 120.00, 190, 50);
INSERT INTO Products (ProductName, CategoryID, SupplierID, Price, StockQuantity, ReorderLevel) 
VALUES ('Product AN', 82, 76, 130.00, 230, 65);
INSERT INTO Products (ProductName, CategoryID, SupplierID, Price, StockQuantity, ReorderLevel) 
VALUES ('Product AO', 83, 77, 140.00, 210, 60);
INSERT INTO Products (ProductName, CategoryID, SupplierID, Price, StockQuantity, ReorderLevel) 
VALUES ('Product AP', 84, 78, 150.00, 180, 50);
INSERT INTO Products (ProductName, CategoryID, SupplierID, Price, StockQuantity, ReorderLevel) 
VALUES ('Product AQ', 85, 79, 160.00, 220, 65);
INSERT INTO Products (ProductName, CategoryID, SupplierID, Price, StockQuantity, ReorderLevel) 
VALUES ('Product AR', 86, 80, 170.00, 240, 70);
INSERT INTO Products (ProductName, CategoryID, SupplierID, Price, StockQuantity, ReorderLevel) 
VALUES ('Product AS', 65, 74, 180.00, 260, 75);
INSERT INTO Products (ProductName, CategoryID, SupplierID, Price, StockQuantity, ReorderLevel) 
VALUES ('Product AT', 66, 70, 190.00, 280, 80);
INSERT INTO Products (ProductName, CategoryID, SupplierID, Price, StockQuantity, ReorderLevel) 
VALUES ('Product AU', 67, 66, 200.00, 300, 90);
INSERT INTO Products (ProductName, CategoryID, SupplierID, Price, StockQuantity, ReorderLevel) 
VALUES ('Product AV', 68, 65, 210.00, 220, 70);
INSERT INTO Products (ProductName, CategoryID, SupplierID, Price, StockQuantity, ReorderLevel) 
VALUES ('Product AW', 69, 80, 220.00, 240, 80);
INSERT INTO Products (ProductName, CategoryID, SupplierID, Price, StockQuantity, ReorderLevel) 
VALUES ('Product AX', 70, 80, 230.00, 260, 85);

-- Insert rows for the Orders table

INSERT INTO Orders (CustomerID, OrderDate, TotalAmount, PaymentMethod)
VALUES (301, TO_TIMESTAMP('01-01-2025 10:00:00', 'DD-MM-YYYY HH24:MI:SS'), 500.00, 'Credit Card');
INSERT INTO Orders (CustomerID, OrderDate, TotalAmount, PaymentMethod)
VALUES (302, TO_TIMESTAMP('02-01-2025 14:30:00', 'DD-MM-YYYY HH24:MI:SS'), 700.00, 'Cash');
INSERT INTO Orders (CustomerID, OrderDate, TotalAmount, PaymentMethod)
VALUES (303, TO_TIMESTAMP('03-01-2025 09:00:00', 'DD-MM-YYYY HH24:MI:SS'), 650.00, 'Debit Card');
INSERT INTO Orders (CustomerID, OrderDate, TotalAmount, PaymentMethod)
VALUES (304, TO_TIMESTAMP('04-01-2025 11:45:00', 'DD-MM-YYYY HH24:MI:SS'), 800.00, 'PayPal');
INSERT INTO Orders (CustomerID, OrderDate, TotalAmount, PaymentMethod)
VALUES (305, TO_TIMESTAMP('05-01-2025 16:15:00', 'DD-MM-YYYY HH24:MI:SS'), 900.00, 'Credit Card');
INSERT INTO Orders (CustomerID, OrderDate, TotalAmount, PaymentMethod)
VALUES (306, TO_TIMESTAMP('06-01-2025 18:30:00', 'DD-MM-YYYY HH24:MI:SS'), 550.00, 'Cash');
INSERT INTO Orders (CustomerID, OrderDate, TotalAmount, PaymentMethod)
VALUES (307, TO_TIMESTAMP('07-01-2025 13:30:00', 'DD-MM-YYYY HH24:MI:SS'), 600.00, 'Debit Card');
INSERT INTO Orders (CustomerID, OrderDate, TotalAmount, PaymentMethod)
VALUES (308, TO_TIMESTAMP('08-01-2025 15:00:00', 'DD-MM-YYYY HH24:MI:SS'), 750.00, 'PayPal');
INSERT INTO Orders (CustomerID, OrderDate, TotalAmount, PaymentMethod)
VALUES (309, TO_TIMESTAMP('09-01-2025 10:15:00', 'DD-MM-YYYY HH24:MI:SS'), 650.00, 'Credit Card');
INSERT INTO Orders (CustomerID, OrderDate, TotalAmount, PaymentMethod)
VALUES (310, TO_TIMESTAMP('10-01-2025 17:30:00', 'DD-MM-YYYY HH24:MI:SS'), 700.00, 'Cash');
INSERT INTO Orders (CustomerID, OrderDate, TotalAmount, PaymentMethod)
VALUES (311, TO_TIMESTAMP('11-01-2025 12:00:00', 'DD-MM-YYYY HH24:MI:SS'), 500.00, 'Debit Card');
INSERT INTO Orders (CustomerID, OrderDate, TotalAmount, PaymentMethod)
VALUES (312, TO_TIMESTAMP('12-01-2025 14:00:00', 'DD-MM-YYYY HH24:MI:SS'), 650.00, 'PayPal');
INSERT INTO Orders (CustomerID, OrderDate, TotalAmount, PaymentMethod)
VALUES (313, TO_TIMESTAMP('13-01-2025 09:15:00', 'DD-MM-YYYY HH24:MI:SS'), 700.00, 'Credit Card');
INSERT INTO Orders (CustomerID, OrderDate, TotalAmount, PaymentMethod)
VALUES (314, TO_TIMESTAMP('14-01-2025 11:30:00', 'DD-MM-YYYY HH24:MI:SS'), 800.00, 'Cash');
INSERT INTO Orders (CustomerID, OrderDate, TotalAmount, PaymentMethod)
VALUES (315, TO_TIMESTAMP('15-01-2025 16:45:00', 'DD-MM-YYYY HH24:MI:SS'), 600.00, 'Debit Card');
INSERT INTO Orders (CustomerID, OrderDate, TotalAmount, PaymentMethod)
VALUES (316, TO_TIMESTAMP('16-01-2025 13:00:00', 'DD-MM-YYYY HH24:MI:SS'), 750.00, 'PayPal');
INSERT INTO Orders (CustomerID, OrderDate, TotalAmount, PaymentMethod)
VALUES (317, TO_TIMESTAMP('17-01-2025 10:30:00', 'DD-MM-YYYY HH24:MI:SS'), 850.00, 'Credit Card');
INSERT INTO Orders (CustomerID, OrderDate, TotalAmount, PaymentMethod)
VALUES (318, TO_TIMESTAMP('18-01-2025 11:45:00', 'DD-MM-YYYY HH24:MI:SS'), 650.00, 'Cash');
INSERT INTO Orders (CustomerID, OrderDate, TotalAmount, PaymentMethod)
VALUES (319, TO_TIMESTAMP('19-01-2025 14:00:00', 'DD-MM-YYYY HH24:MI:SS'), 700.00, 'Debit Card');
INSERT INTO Orders (CustomerID, OrderDate, TotalAmount, PaymentMethod)
VALUES (320, TO_TIMESTAMP('20-01-2025 09:00:00', 'DD-MM-YYYY HH24:MI:SS'), 500.00, 'PayPal');
INSERT INTO Orders (CustomerID, OrderDate, TotalAmount, PaymentMethod)
VALUES (321, TO_TIMESTAMP('21-01-2025 16:30:00', 'DD-MM-YYYY HH24:MI:SS'), 600.00, 'Credit Card');
INSERT INTO Orders (CustomerID, OrderDate, TotalAmount, PaymentMethod)
VALUES (322, TO_TIMESTAMP('22-01-2025 18:00:00', 'DD-MM-YYYY HH24:MI:SS'), 700.00, 'Cash');
INSERT INTO Orders (CustomerID, OrderDate, TotalAmount, PaymentMethod)
VALUES (323, TO_TIMESTAMP('23-01-2025 13:30:00', 'DD-MM-YYYY HH24:MI:SS'), 650.00, 'Debit Card');
INSERT INTO Orders (CustomerID, OrderDate, TotalAmount, PaymentMethod)
VALUES (324, TO_TIMESTAMP('24-01-2025 17:15:00', 'DD-MM-YYYY HH24:MI:SS'), 750.00, 'PayPal');
-- Add more rows similarly up to 100...
INSERT INTO Orders (CustomerID, OrderDate, TotalAmount, PaymentMethod)
VALUES (325, TO_TIMESTAMP('25-01-2025 09:30:00', 'DD-MM-YYYY HH24:MI:SS'), 600.00, 'Credit Card');
INSERT INTO Orders (CustomerID, OrderDate, TotalAmount, PaymentMethod)
VALUES (326, TO_TIMESTAMP('26-01-2025 10:45:00', 'DD-MM-YYYY HH24:MI:SS'), 850.00, 'Cash');
INSERT INTO Orders (CustomerID, OrderDate, TotalAmount, PaymentMethod)
VALUES (327, TO_TIMESTAMP('27-01-2025 11:00:00', 'DD-MM-YYYY HH24:MI:SS'), 750.00, 'Debit Card');
INSERT INTO Orders (CustomerID, OrderDate, TotalAmount, PaymentMethod)
VALUES (328, TO_TIMESTAMP('28-01-2025 12:15:00', 'DD-MM-YYYY HH24:MI:SS'), 600.00, 'PayPal');
INSERT INTO Orders (CustomerID, OrderDate, TotalAmount, PaymentMethod)
VALUES (329, TO_TIMESTAMP('29-01-2025 13:30:00', 'DD-MM-YYYY HH24:MI:SS'), 700.00, 'Credit Card');
INSERT INTO Orders (CustomerID, OrderDate, TotalAmount, PaymentMethod)
VALUES (330, TO_TIMESTAMP('30-01-2025 14:45:00', 'DD-MM-YYYY HH24:MI:SS'), 800.00, 'Cash');
INSERT INTO Orders (CustomerID, OrderDate, TotalAmount, PaymentMethod)
VALUES (331, TO_TIMESTAMP('31-01-2025 15:00:00', 'DD-MM-YYYY HH24:MI:SS'), 750.00, 'Debit Card');
INSERT INTO Orders (CustomerID, OrderDate, TotalAmount, PaymentMethod)
VALUES (332, TO_TIMESTAMP('01-02-2025 16:00:00', 'DD-MM-YYYY HH24:MI:SS'), 900.00, 'PayPal');
INSERT INTO Orders (CustomerID, OrderDate, TotalAmount, PaymentMethod)
VALUES (333, TO_TIMESTAMP('02-02-2025 17:30:00', 'DD-MM-YYYY HH24:MI:SS'), 650.00, 'Credit Card');
INSERT INTO Orders (CustomerID, OrderDate, TotalAmount, PaymentMethod)
VALUES (334, TO_TIMESTAMP('03-02-2025 18:00:00', 'DD-MM-YYYY HH24:MI:SS'), 700.00, 'Cash');
INSERT INTO Orders (CustomerID, OrderDate, TotalAmount, PaymentMethod)
VALUES (335, TO_TIMESTAMP('04-02-2025 09:30:00', 'DD-MM-YYYY HH24:MI:SS'), 750.00, 'Debit Card');
INSERT INTO Orders (CustomerID, OrderDate, TotalAmount, PaymentMethod)
VALUES (336, TO_TIMESTAMP('05-02-2025 10:45:00', 'DD-MM-YYYY HH24:MI:SS'), 850.00, 'PayPal');
INSERT INTO Orders (CustomerID, OrderDate, TotalAmount, PaymentMethod)
VALUES (337, TO_TIMESTAMP('06-02-2025 11:00:00', 'DD-MM-YYYY HH24:MI:SS'), 600.00, 'Credit Card');
INSERT INTO Orders (CustomerID, OrderDate, TotalAmount, PaymentMethod)
VALUES (338, TO_TIMESTAMP('07-02-2025 12:15:00', 'DD-MM-YYYY HH24:MI:SS'), 700.00, 'Cash');
INSERT INTO Orders (CustomerID, OrderDate, TotalAmount, PaymentMethod)
VALUES (339, TO_TIMESTAMP('08-02-2025 13:30:00', 'DD-MM-YYYY HH24:MI:SS'), 650.00, 'Debit Card');
INSERT INTO Orders (CustomerID, OrderDate, TotalAmount, PaymentMethod)
VALUES (340, TO_TIMESTAMP('09-02-2025 14:45:00', 'DD-MM-YYYY HH24:MI:SS'), 750.00, 'PayPal');
INSERT INTO Orders (CustomerID, OrderDate, TotalAmount, PaymentMethod)
VALUES (341, TO_TIMESTAMP('10-02-2025 15:00:00', 'DD-MM-YYYY HH24:MI:SS'), 600.00, 'Credit Card');
INSERT INTO Orders (CustomerID, OrderDate, TotalAmount, PaymentMethod)
VALUES (342, TO_TIMESTAMP('11-02-2025 16:00:00', 'DD-MM-YYYY HH24:MI:SS'), 800.00, 'Cash');
INSERT INTO Orders (CustomerID, OrderDate, TotalAmount, PaymentMethod)
VALUES (343, TO_TIMESTAMP('12-02-2025 17:30:00', 'DD-MM-YYYY HH24:MI:SS'), 750.00, 'Debit Card');
INSERT INTO Orders (CustomerID, OrderDate, TotalAmount, PaymentMethod)
VALUES (344, TO_TIMESTAMP('13-02-2025 18:00:00', 'DD-MM-YYYY HH24:MI:SS'), 650.00, 'PayPal');
INSERT INTO Orders (CustomerID, OrderDate, TotalAmount, PaymentMethod)
VALUES (345, TO_TIMESTAMP('14-02-2025 09:30:00', 'DD-MM-YYYY HH24:MI:SS'), 700.00, 'Credit Card');
INSERT INTO Orders (CustomerID, OrderDate, TotalAmount, PaymentMethod)
VALUES (346, TO_TIMESTAMP('15-02-2025 10:45:00', 'DD-MM-YYYY HH24:MI:SS'), 850.00, 'Cash');
-- Continue adding more rows similarly...
INSERT INTO Orders (CustomerID, OrderDate, TotalAmount, PaymentMethod)
VALUES (347, TO_TIMESTAMP('16-02-2025 11:00:00', 'DD-MM-YYYY HH24:MI:SS'), 700.00, 'Debit Card');
INSERT INTO Orders (CustomerID, OrderDate, TotalAmount, PaymentMethod)
VALUES (348, TO_TIMESTAMP('17-02-2025 12:15:00', 'DD-MM-YYYY HH24:MI:SS'), 800.00, 'PayPal');
INSERT INTO Orders (CustomerID, OrderDate, TotalAmount, PaymentMethod)
VALUES (349, TO_TIMESTAMP('18-02-2025 13:30:00', 'DD-MM-YYYY HH24:MI:SS'), 650.00, 'Credit Card');
INSERT INTO Orders (CustomerID, OrderDate, TotalAmount, PaymentMethod)
VALUES (350, TO_TIMESTAMP('19-02-2025 14:45:00', 'DD-MM-YYYY HH24:MI:SS'), 900.00, 'Cash');
INSERT INTO Orders (CustomerID, OrderDate, TotalAmount, PaymentMethod)
VALUES (351, TO_TIMESTAMP('20-02-2025 15:00:00', 'DD-MM-YYYY HH24:MI:SS'), 750.00, 'Debit Card');
INSERT INTO Orders (CustomerID, OrderDate, TotalAmount, PaymentMethod)
VALUES (352, TO_TIMESTAMP('21-02-2025 16:00:00', 'DD-MM-YYYY HH24:MI:SS'), 800.00, 'PayPal');
INSERT INTO Orders (CustomerID, OrderDate, TotalAmount, PaymentMethod)
VALUES (353, TO_TIMESTAMP('22-02-2025 17:30:00', 'DD-MM-YYYY HH24:MI:SS'), 600.00, 'Credit Card');
INSERT INTO Orders (CustomerID, OrderDate, TotalAmount, PaymentMethod)
VALUES (354, TO_TIMESTAMP('23-02-2025 18:00:00', 'DD-MM-YYYY HH24:MI:SS'), 700.00, 'Cash');
INSERT INTO Orders (CustomerID, OrderDate, TotalAmount, PaymentMethod)
VALUES (355, TO_TIMESTAMP('24-02-2025 09:30:00', 'DD-MM-YYYY HH24:MI:SS'), 650.00, 'Debit Card');
INSERT INTO Orders (CustomerID, OrderDate, TotalAmount, PaymentMethod)
VALUES (356, TO_TIMESTAMP('25-02-2025 10:45:00', 'DD-MM-YYYY HH24:MI:SS'), 750.00, 'PayPal');
INSERT INTO Orders (CustomerID, OrderDate, TotalAmount, PaymentMethod)
VALUES (357, TO_TIMESTAMP('26-02-2025 11:00:00', 'DD-MM-YYYY HH24:MI:SS'), 850.00, 'Credit Card');
INSERT INTO Orders (CustomerID, OrderDate, TotalAmount, PaymentMethod)
VALUES (358, TO_TIMESTAMP('27-02-2025 12:15:00', 'DD-MM-YYYY HH24:MI:SS'), 600.00, 'Cash');
INSERT INTO Orders (CustomerID, OrderDate, TotalAmount, PaymentMethod)
VALUES (359, TO_TIMESTAMP('28-02-2025 13:30:00', 'DD-MM-YYYY HH24:MI:SS'), 700.00, 'Debit Card');
INSERT INTO Orders (CustomerID, OrderDate, TotalAmount, PaymentMethod)
VALUES (360, TO_TIMESTAMP('01-03-2025 14:45:00', 'DD-MM-YYYY HH24:MI:SS'), 750.00, 'PayPal');
INSERT INTO Orders (CustomerID, OrderDate, TotalAmount, PaymentMethod)
VALUES (361, TO_TIMESTAMP('02-03-2025 15:00:00', 'DD-MM-YYYY HH24:MI:SS'), 650.00, 'Credit Card');
INSERT INTO Orders (CustomerID, OrderDate, TotalAmount, PaymentMethod)
VALUES (362, TO_TIMESTAMP('03-03-2025 16:00:00', 'DD-MM-YYYY HH24:MI:SS'), 800.00, 'Cash');
INSERT INTO Orders (CustomerID, OrderDate, TotalAmount, PaymentMethod)
VALUES (363, TO_TIMESTAMP('04-03-2025 17:30:00', 'DD-MM-YYYY HH24:MI:SS'), 750.00, 'Debit Card');
INSERT INTO Orders (CustomerID, OrderDate, TotalAmount, PaymentMethod)
VALUES (364, TO_TIMESTAMP('05-03-2025 18:00:00', 'DD-MM-YYYY HH24:MI:SS'), 650.00, 'PayPal');
INSERT INTO Orders (CustomerID, OrderDate, TotalAmount, PaymentMethod)
VALUES (365, TO_TIMESTAMP('06-03-2025 09:30:00', 'DD-MM-YYYY HH24:MI:SS'), 700.00, 'Credit Card');
INSERT INTO Orders (CustomerID, OrderDate, TotalAmount, PaymentMethod)
VALUES (366, TO_TIMESTAMP('07-03-2025 10:45:00', 'DD-MM-YYYY HH24:MI:SS'), 850.00, 'Cash');
INSERT INTO Orders (CustomerID, OrderDate, TotalAmount, PaymentMethod)
VALUES (367, TO_TIMESTAMP('08-03-2025 11:00:00', 'DD-MM-YYYY HH24:MI:SS'), 750.00, 'Debit Card');
INSERT INTO Orders (CustomerID, OrderDate, TotalAmount, PaymentMethod)
VALUES (368, TO_TIMESTAMP('09-03-2025 12:15:00', 'DD-MM-YYYY HH24:MI:SS'), 600.00, 'PayPal');
INSERT INTO Orders (CustomerID, OrderDate, TotalAmount, PaymentMethod)
VALUES (369, TO_TIMESTAMP('10-03-2025 13:30:00', 'DD-MM-YYYY HH24:MI:SS'), 700.00, 'Credit Card');
INSERT INTO Orders (CustomerID, OrderDate, TotalAmount, PaymentMethod)
VALUES (370, TO_TIMESTAMP('11-03-2025 14:45:00', 'DD-MM-YYYY HH24:MI:SS'), 800.00, 'Cash');
-- Continue adding more rows similarly...
INSERT INTO Orders (CustomerID, OrderDate, TotalAmount, PaymentMethod)
VALUES (371, TO_TIMESTAMP('12-03-2025 15:00:00', 'DD-MM-YYYY HH24:MI:SS'), 650.00, 'Debit Card');
INSERT INTO Orders (CustomerID, OrderDate, TotalAmount, PaymentMethod)
VALUES (372, TO_TIMESTAMP('13-03-2025 16:00:00', 'DD-MM-YYYY HH24:MI:SS'), 700.00, 'PayPal');
INSERT INTO Orders (CustomerID, OrderDate, TotalAmount, PaymentMethod)
VALUES (373, TO_TIMESTAMP('14-03-2025 17:30:00', 'DD-MM-YYYY HH24:MI:SS'), 750.00, 'Credit Card');
INSERT INTO Orders (CustomerID, OrderDate, TotalAmount, PaymentMethod)
VALUES (374, TO_TIMESTAMP('15-03-2025 18:00:00', 'DD-MM-YYYY HH24:MI:SS'), 800.00, 'Cash');
INSERT INTO Orders (CustomerID, OrderDate, TotalAmount, PaymentMethod)
VALUES (375, TO_TIMESTAMP('16-03-2025 09:30:00', 'DD-MM-YYYY HH24:MI:SS'), 850.00, 'Debit Card');
INSERT INTO Orders (CustomerID, OrderDate, TotalAmount, PaymentMethod)
VALUES (376, TO_TIMESTAMP('17-03-2025 10:45:00', 'DD-MM-YYYY HH24:MI:SS'), 900.00, 'PayPal');
INSERT INTO Orders (CustomerID, OrderDate, TotalAmount, PaymentMethod)
VALUES (377, TO_TIMESTAMP('18-03-2025 11:00:00', 'DD-MM-YYYY HH24:MI:SS'), 950.00, 'Credit Card');
INSERT INTO Orders (CustomerID, OrderDate, TotalAmount, PaymentMethod)
VALUES (378, TO_TIMESTAMP('19-03-2025 12:15:00', 'DD-MM-YYYY HH24:MI:SS'), 1000.00, 'Cash');
INSERT INTO Orders (CustomerID, OrderDate, TotalAmount, PaymentMethod)
VALUES (379, TO_TIMESTAMP('20-03-2025 13:30:00', 'DD-MM-YYYY HH24:MI:SS'), 1050.00, 'Debit Card');
INSERT INTO Orders (CustomerID, OrderDate, TotalAmount, PaymentMethod)
VALUES (380, TO_TIMESTAMP('21-03-2025 14:45:00', 'DD-MM-YYYY HH24:MI:SS'), 1100.00, 'PayPal');
INSERT INTO Orders (CustomerID, OrderDate, TotalAmount, PaymentMethod)
VALUES (381, TO_TIMESTAMP('22-03-2025 15:00:00', 'DD-MM-YYYY HH24:MI:SS'), 1150.00, 'Credit Card');
INSERT INTO Orders (CustomerID, OrderDate, TotalAmount, PaymentMethod)
VALUES (382, TO_TIMESTAMP('23-03-2025 16:00:00', 'DD-MM-YYYY HH24:MI:SS'), 1200.00, 'Cash');
INSERT INTO Orders (CustomerID, OrderDate, TotalAmount, PaymentMethod)
VALUES (383, TO_TIMESTAMP('24-03-2025 17:30:00', 'DD-MM-YYYY HH24:MI:SS'), 1250.00, 'Debit Card');
INSERT INTO Orders (CustomerID, OrderDate, TotalAmount, PaymentMethod)
VALUES (384, TO_TIMESTAMP('25-03-2025 18:00:00', 'DD-MM-YYYY HH24:MI:SS'), 1300.00, 'PayPal');
INSERT INTO Orders (CustomerID, OrderDate, TotalAmount, PaymentMethod)
VALUES (385, TO_TIMESTAMP('26-03-2025 09:30:00', 'DD-MM-YYYY HH24:MI:SS'), 1350.00, 'Credit Card');
INSERT INTO Orders (CustomerID, OrderDate, TotalAmount, PaymentMethod)
VALUES (386, TO_TIMESTAMP('27-03-2025 10:45:00', 'DD-MM-YYYY HH24:MI:SS'), 1400.00, 'Cash');
INSERT INTO Orders (CustomerID, OrderDate, TotalAmount, PaymentMethod)
VALUES (387, TO_TIMESTAMP('28-03-2025 11:00:00', 'DD-MM-YYYY HH24:MI:SS'), 1450.00, 'Debit Card');
INSERT INTO Orders (CustomerID, OrderDate, TotalAmount, PaymentMethod)
VALUES (388, TO_TIMESTAMP('29-03-2025 12:15:00', 'DD-MM-YYYY HH24:MI:SS'), 1500.00, 'PayPal');
INSERT INTO Orders (CustomerID, OrderDate, TotalAmount, PaymentMethod)
VALUES (389, TO_TIMESTAMP('30-03-2025 13:30:00', 'DD-MM-YYYY HH24:MI:SS'), 1550.00, 'Credit Card');
INSERT INTO Orders (CustomerID, OrderDate, TotalAmount, PaymentMethod)
VALUES (390, TO_TIMESTAMP('31-03-2025 14:45:00', 'DD-MM-YYYY HH24:MI:SS'), 1600.00, 'Cash');
-- Continue adding more rows similarly...
INSERT INTO Orders (CustomerID, OrderDate, TotalAmount, PaymentMethod)
VALUES (391, TO_TIMESTAMP('01-04-2025 15:00:00', 'DD-MM-YYYY HH24:MI:SS'), 1650.00, 'Debit Card');
INSERT INTO Orders (CustomerID, OrderDate, TotalAmount, PaymentMethod)
VALUES (392, TO_TIMESTAMP('02-04-2025 16:00:00', 'DD-MM-YYYY HH24:MI:SS'), 1700.00, 'PayPal');
INSERT INTO Orders (CustomerID, OrderDate, TotalAmount, PaymentMethod)
VALUES (393, TO_TIMESTAMP('03-04-2025 17:30:00', 'DD-MM-YYYY HH24:MI:SS'), 1750.00, 'Credit Card');
INSERT INTO Orders (CustomerID, OrderDate, TotalAmount, PaymentMethod)
VALUES (394, TO_TIMESTAMP('04-04-2025 18:00:00', 'DD-MM-YYYY HH24:MI:SS'), 1800.00, 'Cash');
INSERT INTO Orders (CustomerID, OrderDate, TotalAmount, PaymentMethod)
VALUES (395, TO_TIMESTAMP('05-04-2025 09:30:00', 'DD-MM-YYYY HH24:MI:SS'), 1850.00, 'Debit Card');
INSERT INTO Orders (CustomerID, OrderDate, TotalAmount, PaymentMethod)
VALUES (396, TO_TIMESTAMP('06-04-2025 10:45:00', 'DD-MM-YYYY HH24:MI:SS'), 1900.00, 'PayPal');
INSERT INTO Orders (CustomerID, OrderDate, TotalAmount, PaymentMethod)
VALUES (397, TO_TIMESTAMP('07-04-2025 11:00:00', 'DD-MM-YYYY HH24:MI:SS'), 1950.00, 'Credit Card');
INSERT INTO Orders (CustomerID, OrderDate, TotalAmount, PaymentMethod)
VALUES (398, TO_TIMESTAMP('08-04-2025 12:15:00', 'DD-MM-YYYY HH24:MI:SS'), 2000.00, 'Cash');
INSERT INTO Orders (CustomerID, OrderDate, TotalAmount, PaymentMethod)
VALUES (399, TO_TIMESTAMP('09-04-2025 13:30:00', 'DD-MM-YYYY HH24:MI:SS'), 2050.00, 'Debit Card');
INSERT INTO Orders (CustomerID, OrderDate, TotalAmount, PaymentMethod)
VALUES (400, TO_TIMESTAMP('10-04-2025 14:45:00', 'DD-MM-YYYY HH24:MI:SS'), 2100.00, 'PayPal');
INSERT INTO Orders (CustomerID, OrderDate, TotalAmount, PaymentMethod)
VALUES (301, TO_TIMESTAMP('11-04-2025 15:00:00', 'DD-MM-YYYY HH24:MI:SS'), 2150.00, 'Credit Card');
INSERT INTO Orders (CustomerID, OrderDate, TotalAmount, PaymentMethod)
VALUES (302, TO_TIMESTAMP('12-04-2025 16:00:00', 'DD-MM-YYYY HH24:MI:SS'), 2200.00, 'Cash');
INSERT INTO Orders (CustomerID, OrderDate, TotalAmount, PaymentMethod)
VALUES (303, TO_TIMESTAMP('13-04-2025 17:30:00', 'DD-MM-YYYY HH24:MI:SS'), 2250.00, 'Debit Card');
INSERT INTO Orders (CustomerID, OrderDate, TotalAmount, PaymentMethod)
VALUES (304, TO_TIMESTAMP('14-04-2025 18:00:00', 'DD-MM-YYYY HH24:MI:SS'), 2300.00, 'PayPal');
INSERT INTO Orders (CustomerID, OrderDate, TotalAmount, PaymentMethod)
VALUES (305, TO_TIMESTAMP('15-04-2025 09:30:00', 'DD-MM-YYYY HH24:MI:SS'), 2350.00, 'Credit Card');
INSERT INTO Orders (CustomerID, OrderDate, TotalAmount, PaymentMethod)
VALUES (306, TO_TIMESTAMP('16-04-2025 10:45:00', 'DD-MM-YYYY HH24:MI:SS'), 2400.00, 'Cash');
INSERT INTO Orders (CustomerID, OrderDate, TotalAmount, PaymentMethod)
VALUES (307, TO_TIMESTAMP('17-04-2025 11:00:00', 'DD-MM-YYYY HH24:MI:SS'), 2450.00, 'Debit Card');
INSERT INTO Orders (CustomerID, OrderDate, TotalAmount, PaymentMethod)
VALUES (308, TO_TIMESTAMP('18-04-2025 12:15:00', 'DD-MM-YYYY HH24:MI:SS'), 2500.00, 'PayPal');
INSERT INTO Orders (CustomerID, OrderDate, TotalAmount, PaymentMethod)
VALUES (309, TO_TIMESTAMP('19-04-2025 13:30:00', 'DD-MM-YYYY HH24:MI:SS'), 2550.00, 'Credit Card');
INSERT INTO Orders (CustomerID, OrderDate, TotalAmount, PaymentMethod)
VALUES (310, TO_TIMESTAMP('20-04-2025 14:45:00', 'DD-MM-YYYY HH24:MI:SS'), 2600.00, 'Cash');
-- Continue adding more rows as needed



INSERT INTO OrderDetails (OrderID, ProductID, Quantity, UnitPrice, Discount)
VALUES (242, 265, 3, 50.00, 5.00);
INSERT INTO OrderDetails (OrderID, ProductID, Quantity, UnitPrice, Discount)
VALUES (243, 266, 2, 60.00, 10.00);
INSERT INTO OrderDetails (OrderID, ProductID, Quantity, UnitPrice, Discount)
VALUES (244, 267, 1, 70.00, 0.00);
INSERT INTO OrderDetails (OrderID, ProductID, Quantity, UnitPrice, Discount)
VALUES (245, 268, 5, 55.00, 5.00);
INSERT INTO OrderDetails (OrderID, ProductID, Quantity, UnitPrice, Discount)
VALUES (246, 269, 4, 60.00, 0.00);
INSERT INTO OrderDetails (OrderID, ProductID, Quantity, UnitPrice, Discount)
VALUES (247, 270, 2, 75.00, 10.00);
INSERT INTO OrderDetails (OrderID, ProductID, Quantity, UnitPrice, Discount)
VALUES (248, 271, 3, 80.00, 0.00);
INSERT INTO OrderDetails (OrderID, ProductID, Quantity, UnitPrice, Discount)
VALUES (249, 272, 1, 90.00, 5.00);
INSERT INTO OrderDetails (OrderID, ProductID, Quantity, UnitPrice, Discount)
VALUES (250, 273, 6, 65.00, 0.00);
INSERT INTO OrderDetails (OrderID, ProductID, Quantity, UnitPrice, Discount)
VALUES (251, 274, 2, 85.00, 10.00);
INSERT INTO OrderDetails (OrderID, ProductID, Quantity, UnitPrice, Discount)
VALUES (252, 275, 4, 95.00, 0.00);
INSERT INTO OrderDetails (OrderID, ProductID, Quantity, UnitPrice, Discount)
VALUES (253, 276, 3, 50.00, 5.00);
INSERT INTO OrderDetails (OrderID, ProductID, Quantity, UnitPrice, Discount)
VALUES (254, 277, 1, 60.00, 0.00);
INSERT INTO OrderDetails (OrderID, ProductID, Quantity, UnitPrice, Discount)
VALUES (255, 278, 2, 70.00, 10.00);
INSERT INTO OrderDetails (OrderID, ProductID, Quantity, UnitPrice, Discount)
VALUES (256, 279, 3, 55.00, 5.00);
INSERT INTO OrderDetails (OrderID, ProductID, Quantity, UnitPrice, Discount)
VALUES (257, 280, 4, 60.00, 0.00);
INSERT INTO OrderDetails (OrderID, ProductID, Quantity, UnitPrice, Discount)
VALUES (258, 281, 2, 75.00, 10.00);
INSERT INTO OrderDetails (OrderID, ProductID, Quantity, UnitPrice, Discount)
VALUES (259, 282, 3, 80.00, 0.00);
INSERT INTO OrderDetails (OrderID, ProductID, Quantity, UnitPrice, Discount)
VALUES (260, 283, 1, 90.00, 5.00);
INSERT INTO OrderDetails (OrderID, ProductID, Quantity, UnitPrice, Discount)
VALUES (261, 284, 6, 65.00, 0.00);
INSERT INTO OrderDetails (OrderID, ProductID, Quantity, UnitPrice, Discount)
VALUES (262, 285, 2, 85.00, 10.00);
INSERT INTO OrderDetails (OrderID, ProductID, Quantity, UnitPrice, Discount)
VALUES (263, 286, 4, 95.00, 0.00);
INSERT INTO OrderDetails (OrderID, ProductID, Quantity, UnitPrice, Discount)
VALUES (264, 287, 3, 50.00, 5.00);
INSERT INTO OrderDetails (OrderID, ProductID, Quantity, UnitPrice, Discount)
VALUES (265, 288, 1, 60.00, 0.00);
INSERT INTO OrderDetails (OrderID, ProductID, Quantity, UnitPrice, Discount)
VALUES (266, 289, 2, 70.00, 10.00);
INSERT INTO OrderDetails (OrderID, ProductID, Quantity, UnitPrice, Discount)
VALUES (267, 290, 3, 55.00, 5.00);
INSERT INTO OrderDetails (OrderID, ProductID, Quantity, UnitPrice, Discount)
VALUES (268, 291, 4, 60.00, 0.00);
INSERT INTO OrderDetails (OrderID, ProductID, Quantity, UnitPrice, Discount)
VALUES (269, 292, 2, 75.00, 10.00);
INSERT INTO OrderDetails (OrderID, ProductID, Quantity, UnitPrice, Discount)
VALUES (270, 293, 3, 80.00, 0.00);
INSERT INTO OrderDetails (OrderID, ProductID, Quantity, UnitPrice, Discount)
VALUES (271, 300, 1, 90.00, 5.00);
INSERT INTO OrderDetails (OrderID, ProductID, Quantity, UnitPrice, Discount)
VALUES (272, 301, 6, 65.00, 0.00);
INSERT INTO OrderDetails (OrderID, ProductID, Quantity, UnitPrice, Discount)
VALUES (273, 302, 2, 85.00, 10.00);
INSERT INTO OrderDetails (OrderID, ProductID, Quantity, UnitPrice, Discount)
VALUES (274, 303, 4, 95.00, 0.00);
INSERT INTO OrderDetails (OrderID, ProductID, Quantity, UnitPrice, Discount)
VALUES (275, 304, 3, 50.00, 5.00);
-- Continue adding more rows as needed...
-- OrderID 242 has multiple products
INSERT INTO OrderDetails (OrderID, ProductID, Quantity, UnitPrice, Discount)
VALUES (242, 265, 3, 50.00, 5.00);
INSERT INTO OrderDetails (OrderID, ProductID, Quantity, UnitPrice, Discount)
VALUES (242, 266, 2, 60.00, 10.00);

-- OrderID 243 has multiple products
INSERT INTO OrderDetails (OrderID, ProductID, Quantity, UnitPrice, Discount)
VALUES (243, 267, 1, 70.00, 0.00);
INSERT INTO OrderDetails (OrderID, ProductID, Quantity, UnitPrice, Discount)
VALUES (243, 268, 5, 55.00, 5.00);

-- OrderID 244 has multiple products
INSERT INTO OrderDetails (OrderID, ProductID, Quantity, UnitPrice, Discount)
VALUES (244, 269, 4, 60.00, 0.00);
INSERT INTO OrderDetails (OrderID, ProductID, Quantity, UnitPrice, Discount)
VALUES (244, 270, 2, 75.00, 10.00);

-- OrderID 245 has multiple products
INSERT INTO OrderDetails (OrderID, ProductID, Quantity, UnitPrice, Discount)
VALUES (245, 271, 3, 80.00, 0.00);
INSERT INTO OrderDetails (OrderID, ProductID, Quantity, UnitPrice, Discount)
VALUES (245, 272, 1, 90.00, 5.00);

-- OrderID 246 has multiple products
INSERT INTO OrderDetails (OrderID, ProductID, Quantity, UnitPrice, Discount)
VALUES (246, 273, 6, 65.00, 0.00);
INSERT INTO OrderDetails (OrderID, ProductID, Quantity, UnitPrice, Discount)
VALUES (246, 274, 2, 85.00, 10.00);

-- OrderID 247 has multiple products
INSERT INTO OrderDetails (OrderID, ProductID, Quantity, UnitPrice, Discount)
VALUES (247, 275, 4, 95.00, 0.00);
INSERT INTO OrderDetails (OrderID, ProductID, Quantity, UnitPrice, Discount)
VALUES (247, 276, 3, 50.00, 5.00);

-- OrderID 248 has multiple products
INSERT INTO OrderDetails (OrderID, ProductID, Quantity, UnitPrice, Discount)
VALUES (248, 277, 1, 60.00, 0.00);
INSERT INTO OrderDetails (OrderID, ProductID, Quantity, UnitPrice, Discount)
VALUES (248, 278, 2, 70.00, 10.00);

-- OrderID 249 has multiple products
INSERT INTO OrderDetails (OrderID, ProductID, Quantity, UnitPrice, Discount)
VALUES (249, 279, 3, 55.00, 5.00);
INSERT INTO OrderDetails (OrderID, ProductID, Quantity, UnitPrice, Discount)
VALUES (249, 280, 4, 60.00, 0.00);

-- OrderID 250 has multiple products
INSERT INTO OrderDetails (OrderID, ProductID, Quantity, UnitPrice, Discount)
VALUES (250, 281, 2, 75.00, 10.00);
INSERT INTO OrderDetails (OrderID, ProductID, Quantity, UnitPrice, Discount)
VALUES (250, 282, 3, 80.00, 0.00);

-- OrderID 251 has multiple products
INSERT INTO OrderDetails (OrderID, ProductID, Quantity, UnitPrice, Discount)
VALUES (251, 283, 1, 90.00, 5.00);
INSERT INTO OrderDetails (OrderID, ProductID, Quantity, UnitPrice, Discount)
VALUES (251, 284, 6, 65.00, 0.00);

-- OrderID 252 has multiple products
INSERT INTO OrderDetails (OrderID, ProductID, Quantity, UnitPrice, Discount)
VALUES (252, 285, 2, 85.00, 10.00);
INSERT INTO OrderDetails (OrderID, ProductID, Quantity, UnitPrice, Discount)
VALUES (252, 286, 4, 95.00, 0.00);

-- OrderID 253 has multiple products
INSERT INTO OrderDetails (OrderID, ProductID, Quantity, UnitPrice, Discount)
VALUES (253, 287, 3, 50.00, 5.00);
INSERT INTO OrderDetails (OrderID, ProductID, Quantity, UnitPrice, Discount)
VALUES (253, 288, 1, 60.00, 0.00);

-- OrderID 254 has multiple products
INSERT INTO OrderDetails (OrderID, ProductID, Quantity, UnitPrice, Discount)
VALUES (254, 289, 2, 70.00, 10.00);
INSERT INTO OrderDetails (OrderID, ProductID, Quantity, UnitPrice, Discount)
VALUES (254, 290, 3, 55.00, 5.00);

-- OrderID 255 has multiple products
INSERT INTO OrderDetails (OrderID, ProductID, Quantity, UnitPrice, Discount)
VALUES (255, 291, 4, 60.00, 0.00);
INSERT INTO OrderDetails (OrderID, ProductID, Quantity, UnitPrice, Discount)
VALUES (255, 292, 2, 75.00, 10.00);

-- OrderID 256 has multiple products
INSERT INTO OrderDetails (OrderID, ProductID, Quantity, UnitPrice, Discount)
VALUES (256, 293, 3, 80.00, 0.00);
INSERT INTO OrderDetails (OrderID, ProductID, Quantity, UnitPrice, Discount)
VALUES (256, 300, 1, 90.00, 5.00);

-- OrderID 257 has multiple products
INSERT INTO OrderDetails (OrderID, ProductID, Quantity, UnitPrice, Discount)
VALUES (257, 301, 6, 65.00, 0.00);
INSERT INTO OrderDetails (OrderID, ProductID, Quantity, UnitPrice, Discount)
VALUES (257, 302, 2, 85.00, 10.00);

-- OrderID 258 has multiple products
INSERT INTO OrderDetails (OrderID, ProductID, Quantity, UnitPrice, Discount)
VALUES (258, 303, 4, 95.00, 0.00);
INSERT INTO OrderDetails (OrderID, ProductID, Quantity, UnitPrice, Discount)
VALUES (258, 304, 3, 50.00, 5.00);

-- OrderID 259 has multiple products
INSERT INTO OrderDetails (OrderID, ProductID, Quantity, UnitPrice, Discount)
VALUES (259, 305, 1, 60.00, 0.00);
INSERT INTO OrderDetails (OrderID, ProductID, Quantity, UnitPrice, Discount)
VALUES (259, 306, 2, 70.00, 10.00);

-- OrderID 260 has multiple products
INSERT INTO OrderDetails (OrderID, ProductID, Quantity, UnitPrice, Discount)
VALUES (260, 307, 3, 55.00, 5.00);
INSERT INTO OrderDetails (OrderID, ProductID, Quantity, UnitPrice, Discount)
VALUES (260, 308, 4, 60.00, 0.00);

-- Continue adding rows similarly for other OrderIDs...
-- OrderID 261 has multiple products
INSERT INTO OrderDetails (OrderID, ProductID, Quantity, UnitPrice, Discount)
VALUES (261, 309, 2, 75.00, 10.00);
INSERT INTO OrderDetails (OrderID, ProductID, Quantity, UnitPrice, Discount)
VALUES (261, 310, 3, 80.00, 0.00);

-- OrderID 262 has multiple products
INSERT INTO OrderDetails (OrderID, ProductID, Quantity, UnitPrice, Discount)
VALUES (262, 311, 4, 90.00, 5.00);
INSERT INTO OrderDetails (OrderID, ProductID, Quantity, UnitPrice, Discount)
VALUES (262, 312, 2, 100.00, 10.00);

-- OrderID 263 has multiple products
INSERT INTO OrderDetails (OrderID, ProductID, Quantity, UnitPrice, Discount)
VALUES (263, 313, 3, 110.00, 0.00);
INSERT INTO OrderDetails (OrderID, ProductID, Quantity, UnitPrice, Discount)
VALUES (263, 314, 1, 120.00, 5.00);

-- OrderID 264 has multiple products
INSERT INTO OrderDetails (OrderID, ProductID, Quantity, UnitPrice, Discount)
VALUES (264, 315, 4, 130.00, 0.00);
INSERT INTO OrderDetails (OrderID, ProductID, Quantity, UnitPrice, Discount)
VALUES (264, 316, 2, 140.00, 10.00);

-- OrderID 265 has multiple products
INSERT INTO OrderDetails (OrderID, ProductID, Quantity, UnitPrice, Discount)
VALUES (265, 317, 1, 150.00, 0.00);
INSERT INTO OrderDetails (OrderID, ProductID, Quantity, UnitPrice, Discount)
VALUES (265, 318, 3, 160.00, 5.00);

-- OrderID 266 has multiple products
INSERT INTO OrderDetails (OrderID, ProductID, Quantity, UnitPrice, Discount)
VALUES (266, 319, 2, 170.00, 10.00);
INSERT INTO OrderDetails (OrderID, ProductID, Quantity, UnitPrice, Discount)
VALUES (266, 320, 4, 180.00, 0.00);

-- OrderID 267 has multiple products
INSERT INTO OrderDetails (OrderID, ProductID, Quantity, UnitPrice, Discount)
VALUES (267, 321, 5, 190.00, 5.00);
INSERT INTO OrderDetails (OrderID, ProductID, Quantity, UnitPrice, Discount)
VALUES (267, 322, 3, 200.00, 0.00);

-- OrderID 268 has multiple products
INSERT INTO OrderDetails (OrderID, ProductID, Quantity, UnitPrice, Discount)
VALUES (268, 323, 4, 210.00, 10.00);
INSERT INTO OrderDetails (OrderID, ProductID, Quantity, UnitPrice, Discount)
VALUES (268, 324, 2, 220.00, 0.00);

-- OrderID 269 has multiple products
INSERT INTO OrderDetails (OrderID, ProductID, Quantity, UnitPrice, Discount)
VALUES (269, 325, 3, 230.00, 5.00);
INSERT INTO OrderDetails (OrderID, ProductID, Quantity, UnitPrice, Discount)
VALUES (269, 326, 1, 240.00, 10.00);

-- OrderID 270 has multiple products
INSERT INTO OrderDetails (OrderID, ProductID, Quantity, UnitPrice, Discount)
VALUES (270, 327, 2, 250.00, 0.00);
INSERT INTO OrderDetails (OrderID, ProductID, Quantity, UnitPrice, Discount)
VALUES (270, 328, 3, 260.00, 5.00);

-- OrderID 271 has multiple products
INSERT INTO OrderDetails (OrderID, ProductID, Quantity, UnitPrice, Discount)
VALUES (271, 329, 4, 270.00, 0.00);
INSERT INTO OrderDetails (OrderID, ProductID, Quantity, UnitPrice, Discount)
VALUES (271, 330, 5, 280.00, 10.00);

-- OrderID 272 has multiple products
INSERT INTO OrderDetails (OrderID, ProductID, Quantity, UnitPrice, Discount)
VALUES (272, 331, 1, 290.00, 5.00);
INSERT INTO OrderDetails (OrderID, ProductID, Quantity, UnitPrice, Discount)
VALUES (272, 332, 3, 300.00, 0.00);

-- OrderID 273 has multiple products
INSERT INTO OrderDetails (OrderID, ProductID, Quantity, UnitPrice, Discount)
VALUES (273, 333, 2, 310.00, 10.00);
INSERT INTO OrderDetails (OrderID, ProductID, Quantity, UnitPrice, Discount)
VALUES (273, 334, 4, 320.00, 0.00);

-- OrderID 274 has multiple products
INSERT INTO OrderDetails (OrderID, ProductID, Quantity, UnitPrice, Discount)
VALUES (274, 335, 5, 330.00, 5.00);
INSERT INTO OrderDetails (OrderID, ProductID, Quantity, UnitPrice, Discount)
VALUES (274, 336, 2, 340.00, 10.00);

-- OrderID 275 has multiple products
INSERT INTO OrderDetails (OrderID, ProductID, Quantity, UnitPrice, Discount)
VALUES (275, 337, 3, 350.00, 0.00);
INSERT INTO OrderDetails (OrderID, ProductID, Quantity, UnitPrice, Discount)
VALUES (275, 338, 1, 360.00, 5.00);

-- OrderID 276 has multiple products
INSERT INTO OrderDetails (OrderID, ProductID, Quantity, UnitPrice, Discount)
VALUES (276, 339, 4, 370.00, 0.00);
INSERT INTO OrderDetails (OrderID, ProductID, Quantity, UnitPrice, Discount)
VALUES (276, 340, 2, 380.00, 10.00);

-- Continue adding rows for other orders...
-- OrderID 277 has multiple products
INSERT INTO OrderDetails (OrderID, ProductID, Quantity, UnitPrice, Discount)
VALUES (277, 341, 3, 390.00, 5.00);
INSERT INTO OrderDetails (OrderID, ProductID, Quantity, UnitPrice, Discount)
VALUES (277, 342, 2, 400.00, 0.00);

-- OrderID 278 has multiple products
INSERT INTO OrderDetails (OrderID, ProductID, Quantity, UnitPrice, Discount)
VALUES (278, 343, 5, 410.00, 10.00);
INSERT INTO OrderDetails (OrderID, ProductID, Quantity, UnitPrice, Discount)
VALUES (278, 344, 4, 420.00, 5.00);

-- OrderID 279 has multiple products
INSERT INTO OrderDetails (OrderID, ProductID, Quantity, UnitPrice, Discount)
VALUES (279, 345, 3, 430.00, 0.00);
INSERT INTO OrderDetails (OrderID, ProductID, Quantity, UnitPrice, Discount)
VALUES (279, 346, 2, 440.00, 10.00);

-- OrderID 280 has multiple products
INSERT INTO OrderDetails (OrderID, ProductID, Quantity, UnitPrice, Discount)
VALUES (280, 347, 1, 450.00, 5.00);
INSERT INTO OrderDetails (OrderID, ProductID, Quantity, UnitPrice, Discount)
VALUES (280, 348, 4, 460.00, 0.00);

-- OrderID 281 has multiple products
INSERT INTO OrderDetails (OrderID, ProductID, Quantity, UnitPrice, Discount)
VALUES (281, 349, 5, 470.00, 5.00);
INSERT INTO OrderDetails (OrderID, ProductID, Quantity, UnitPrice, Discount)
VALUES (281, 350, 3, 480.00, 10.00);

-- OrderID 282 has multiple products
INSERT INTO OrderDetails (OrderID, ProductID, Quantity, UnitPrice, Discount)
VALUES (282, 351, 4, 490.00, 0.00);
INSERT INTO OrderDetails (OrderID, ProductID, Quantity, UnitPrice, Discount)
VALUES (282, 352, 2, 500.00, 5.00);

-- OrderID 283 has multiple products
INSERT INTO OrderDetails (OrderID, ProductID, Quantity, UnitPrice, Discount)
VALUES (283, 353, 3, 510.00, 10.00);
INSERT INTO OrderDetails (OrderID, ProductID, Quantity, UnitPrice, Discount)
VALUES (283, 354, 5, 520.00, 0.00);

-- OrderID 284 has multiple products
INSERT INTO OrderDetails (OrderID, ProductID, Quantity, UnitPrice, Discount)
VALUES (284, 355, 2, 530.00, 5.00);
INSERT INTO OrderDetails (OrderID, ProductID, Quantity, UnitPrice, Discount)
VALUES (284, 356, 4, 540.00, 0.00);

-- OrderID 285 has multiple products
INSERT INTO OrderDetails (OrderID, ProductID, Quantity, UnitPrice, Discount)
VALUES (285, 357, 1, 550.00, 10.00);
INSERT INTO OrderDetails (OrderID, ProductID, Quantity, UnitPrice, Discount)
VALUES (285, 358, 3, 560.00, 5.00);

-- OrderID 286 has multiple products
INSERT INTO OrderDetails (OrderID, ProductID, Quantity, UnitPrice, Discount)
VALUES (286, 359, 4, 570.00, 0.00);
INSERT INTO OrderDetails (OrderID, ProductID, Quantity, UnitPrice, Discount)
VALUES (286, 360, 2, 580.00, 5.00);

-- OrderID 287 has multiple products
INSERT INTO OrderDetails (OrderID, ProductID, Quantity, UnitPrice, Discount)
VALUES (287, 361, 5, 590.00, 0.00);
INSERT INTO OrderDetails (OrderID, ProductID, Quantity, UnitPrice, Discount)
VALUES (287, 362, 3, 600.00, 10.00);

-- OrderID 288 has multiple products
INSERT INTO OrderDetails (OrderID, ProductID, Quantity, UnitPrice, Discount)
VALUES (288, 363, 2, 610.00, 5.00);
INSERT INTO OrderDetails (OrderID, ProductID, Quantity, UnitPrice, Discount)
VALUES (288, 364, 4, 620.00, 0.00);

-- OrderID 289 has multiple products
INSERT INTO OrderDetails (OrderID, ProductID, Quantity, UnitPrice, Discount)
VALUES (289, 365, 1, 630.00, 10.00);
INSERT INTO OrderDetails (OrderID, ProductID, Quantity, UnitPrice, Discount)
VALUES (289, 366, 3, 640.00, 5.00);

-- OrderID 290 has multiple products
INSERT INTO OrderDetails (OrderID, ProductID, Quantity, UnitPrice, Discount)
VALUES (290, 367, 4, 650.00, 0.00);
INSERT INTO OrderDetails (OrderID, ProductID, Quantity, UnitPrice, Discount)
VALUES (290, 368, 2, 660.00, 10.00);

-- OrderID 291 has multiple products
INSERT INTO OrderDetails (OrderID, ProductID, Quantity, UnitPrice, Discount)
VALUES (291, 369, 3, 670.00, 5.00);
INSERT INTO OrderDetails (OrderID, ProductID, Quantity, UnitPrice, Discount)
VALUES (291, 370, 1, 680.00, 0.00);

-- OrderID 292 has multiple products
INSERT INTO OrderDetails (OrderID, ProductID, Quantity, UnitPrice, Discount)
VALUES (292, 371, 2, 690.00, 10.00);
INSERT INTO OrderDetails (OrderID, ProductID, Quantity, UnitPrice, Discount)
VALUES (292, 372, 4, 700.00, 5.00);

-- Continue adding rows for other orders...
-- OrderID 293 has random products
INSERT INTO OrderDetails (OrderID, ProductID, Quantity, UnitPrice, Discount)
VALUES (293, 276, 3, 310.00, 5.00);
INSERT INTO OrderDetails (OrderID, ProductID, Quantity, UnitPrice, Discount)
VALUES (293, 290, 2, 350.00, 0.00);

-- OrderID 294 has random products
INSERT INTO OrderDetails (OrderID, ProductID, Quantity, UnitPrice, Discount)
VALUES (294, 281, 4, 330.00, 10.00);
INSERT INTO OrderDetails (OrderID, ProductID, Quantity, UnitPrice, Discount)
VALUES (294, 309, 5, 370.00, 0.00);

-- OrderID 295 has random products
INSERT INTO OrderDetails (OrderID, ProductID, Quantity, UnitPrice, Discount)
VALUES (295, 305, 2, 290.00, 5.00);
INSERT INTO OrderDetails (OrderID, ProductID, Quantity, UnitPrice, Discount)
VALUES (295, 290, 3, 320.00, 10.00);

-- OrderID 296 has random products
INSERT INTO OrderDetails (OrderID, ProductID, Quantity, UnitPrice, Discount)
VALUES (296, 291, 5, 360.00, 0.00);
INSERT INTO OrderDetails (OrderID, ProductID, Quantity, UnitPrice, Discount)
VALUES (296, 275, 4, 310.00, 10.00);

-- OrderID 297 has random products
INSERT INTO OrderDetails (OrderID, ProductID, Quantity, UnitPrice, Discount)
VALUES (297, 307, 2, 340.00, 5.00);
INSERT INTO OrderDetails (OrderID, ProductID, Quantity, UnitPrice, Discount)
VALUES (297, 289, 3, 360.00, 0.00);

-- OrderID 298 has random products
INSERT INTO OrderDetails (OrderID, ProductID, Quantity, UnitPrice, Discount)
VALUES (298, 278, 1, 300.00, 10.00);
INSERT INTO OrderDetails (OrderID, ProductID, Quantity, UnitPrice, Discount)
VALUES (298, 286, 4, 340.00, 5.00);

-- OrderID 299 has random products
INSERT INTO OrderDetails (OrderID, ProductID, Quantity, UnitPrice, Discount)
VALUES (299, 290, 2, 350.00, 0.00);
INSERT INTO OrderDetails (OrderID, ProductID, Quantity, UnitPrice, Discount)
VALUES (299, 279, 3, 310.00, 10.00);

-- OrderID 300 has random products
INSERT INTO OrderDetails (OrderID, ProductID, Quantity, UnitPrice, Discount)
VALUES (300, 275, 1, 300.00, 5.00);
INSERT INTO OrderDetails (OrderID, ProductID, Quantity, UnitPrice, Discount)
VALUES (300, 307, 3, 330.00, 0.00);

-- OrderID 301 has random products
INSERT INTO OrderDetails (OrderID, ProductID, Quantity, UnitPrice, Discount)
VALUES (301, 312, 5, 320.00, 10.00);
INSERT INTO OrderDetails (OrderID, ProductID, Quantity, UnitPrice, Discount)
VALUES (301, 283, 4, 300.00, 0.00);

-- OrderID 302 has random products
INSERT INTO OrderDetails (OrderID, ProductID, Quantity, UnitPrice, Discount)
VALUES (302, 279, 2, 310.00, 5.00);
INSERT INTO OrderDetails (OrderID, ProductID, Quantity, UnitPrice, Discount)
VALUES (302, 268, 3, 330.00, 0.00);

-- OrderID 303 has random products
INSERT INTO OrderDetails (OrderID, ProductID, Quantity, UnitPrice, Discount)
VALUES (303, 291, 4, 340.00, 10.00);
INSERT INTO OrderDetails (OrderID, ProductID, Quantity, UnitPrice, Discount)
VALUES (303, 304, 2, 300.00, 0.00);

-- OrderID 304 has random products
INSERT INTO OrderDetails (OrderID, ProductID, Quantity, UnitPrice, Discount)
VALUES (304, 289, 5, 350.00, 0.00);
INSERT INTO OrderDetails (OrderID, ProductID, Quantity, UnitPrice, Discount)
VALUES (304, 292, 2, 340.00, 5.00);

-- OrderID 305 has random products
INSERT INTO OrderDetails (OrderID, ProductID, Quantity, UnitPrice, Discount)
VALUES (305, 300, 1, 310.00, 5.00);
INSERT INTO OrderDetails (OrderID, ProductID, Quantity, UnitPrice, Discount)
VALUES (305, 289, 3, 320.00, 10.00);

-- OrderID 306 has random products
INSERT INTO OrderDetails (OrderID, ProductID, Quantity, UnitPrice, Discount)
VALUES (306, 312, 4, 330.00, 0.00);
INSERT INTO OrderDetails (OrderID, ProductID, Quantity, UnitPrice, Discount)
VALUES (306, 280, 2, 340.00, 5.00);

-- OrderID 307 has random products
INSERT INTO OrderDetails (OrderID, ProductID, Quantity, UnitPrice, Discount)
VALUES (307, 306, 1, 350.00, 10.00);
INSERT INTO OrderDetails (OrderID, ProductID, Quantity, UnitPrice, Discount)
VALUES (307, 268, 4, 320.00, 0.00);

-- OrderID 308 has random products
INSERT INTO OrderDetails (OrderID, ProductID, Quantity, UnitPrice, Discount)
VALUES (308, 265, 2, 310.00, 5.00);
INSERT INTO OrderDetails (OrderID, ProductID, Quantity, UnitPrice, Discount)
VALUES (308, 293, 3, 320.00, 10.00);

-- Continue adding rows for other orders...
-- OrderID 309 has random products
INSERT INTO OrderDetails (OrderID, ProductID, Quantity, UnitPrice, Discount)
VALUES (309, 271, 2, 340.00, 5.00);
INSERT INTO OrderDetails (OrderID, ProductID, Quantity, UnitPrice, Discount)
VALUES (309, 282, 3, 350.00, 10.00);

-- OrderID 310 has random products
INSERT INTO OrderDetails (OrderID, ProductID, Quantity, UnitPrice, Discount)
VALUES (310, 283, 4, 330.00, 0.00);
INSERT INTO OrderDetails (OrderID, ProductID, Quantity, UnitPrice, Discount)
VALUES (310, 305, 2, 310.00, 5.00);

-- OrderID 311 has random products
INSERT INTO OrderDetails (OrderID, ProductID, Quantity, UnitPrice, Discount)
VALUES (311, 276, 3, 320.00, 10.00);
INSERT INTO OrderDetails (OrderID, ProductID, Quantity, UnitPrice, Discount)
VALUES (311, 300, 1, 330.00, 5.00);

-- OrderID 312 has random products
INSERT INTO OrderDetails (OrderID, ProductID, Quantity, UnitPrice, Discount)
VALUES (312, 290, 2, 340.00, 0.00);
INSERT INTO OrderDetails (OrderID, ProductID, Quantity, UnitPrice, Discount)
VALUES (312, 282, 4, 310.00, 10.00);

-- OrderID 313 has random products
INSERT INTO OrderDetails (OrderID, ProductID, Quantity, UnitPrice, Discount)
VALUES (313, 279, 3, 320.00, 5.00);
INSERT INTO OrderDetails (OrderID, ProductID, Quantity, UnitPrice, Discount)
VALUES (313, 287, 2, 350.00, 0.00);

-- OrderID 314 has random products
INSERT INTO OrderDetails (OrderID, ProductID, Quantity, UnitPrice, Discount)
VALUES (314, 300, 5, 340.00, 10.00);
INSERT INTO OrderDetails (OrderID, ProductID, Quantity, UnitPrice, Discount)
VALUES (314, 271, 1, 310.00, 5.00);

-- OrderID 315 has random products
INSERT INTO OrderDetails (OrderID, ProductID, Quantity, UnitPrice, Discount)
VALUES (315, 281, 4, 330.00, 0.00);
INSERT INTO OrderDetails (OrderID, ProductID, Quantity, UnitPrice, Discount)
VALUES (315, 312, 2, 320.00, 5.00);

-- OrderID 316 has random products
INSERT INTO OrderDetails (OrderID, ProductID, Quantity, UnitPrice, Discount)
VALUES (316, 302, 3, 350.00, 0.00);
INSERT INTO OrderDetails (OrderID, ProductID, Quantity, UnitPrice, Discount)
VALUES (316, 276, 5, 330.00, 10.00);

-- OrderID 317 has random products
INSERT INTO OrderDetails (OrderID, ProductID, Quantity, UnitPrice, Discount)
VALUES (317, 290, 1, 340.00, 5.00);
INSERT INTO OrderDetails (OrderID, ProductID, Quantity, UnitPrice, Discount)
VALUES (317, 279, 4, 310.00, 0.00);

-- OrderID 318 has random products
INSERT INTO OrderDetails (OrderID, ProductID, Quantity, UnitPrice, Discount)
VALUES (318, 305, 2, 320.00, 10.00);
INSERT INTO OrderDetails (OrderID, ProductID, Quantity, UnitPrice, Discount)
VALUES (318, 282, 3, 330.00, 5.00);

-- OrderID 319 has random products
INSERT INTO OrderDetails (OrderID, ProductID, Quantity, UnitPrice, Discount)
VALUES (319, 276, 4, 340.00, 0.00);
INSERT INTO OrderDetails (OrderID, ProductID, Quantity, UnitPrice, Discount)
VALUES (319, 284, 2, 310.00, 5.00);

-- OrderID 320 has random products
INSERT INTO OrderDetails (OrderID, ProductID, Quantity, UnitPrice, Discount)
VALUES (320, 292, 3, 330.00, 10.00);
INSERT INTO OrderDetails (OrderID, ProductID, Quantity, UnitPrice, Discount)
VALUES (320, 268, 1, 350.00, 0.00);

-- OrderID 321 has random products
INSERT INTO OrderDetails (OrderID, ProductID, Quantity, UnitPrice, Discount)
VALUES (321, 290, 5, 320.00, 5.00);
INSERT INTO OrderDetails (OrderID, ProductID, Quantity, UnitPrice, Discount)
VALUES (321, 279, 3, 340.00, 10.00);

-- OrderID 322 has random products
INSERT INTO OrderDetails (OrderID, ProductID, Quantity, UnitPrice, Discount)
VALUES (322, 300, 2, 310.00, 5.00);
INSERT INTO OrderDetails (OrderID, ProductID, Quantity, UnitPrice, Discount)
VALUES (322, 268, 3, 330.00, 0.00);

-- OrderID 323 has random products
INSERT INTO OrderDetails (OrderID, ProductID, Quantity, UnitPrice, Discount)
VALUES (323, 276, 4, 320.00, 10.00);
INSERT INTO OrderDetails (OrderID, ProductID, Quantity, UnitPrice, Discount)
VALUES (323, 305, 1, 350.00, 5.00);

-- Continue adding more rows for other orders...
-- OrderID 324 has random products
INSERT INTO OrderDetails (OrderID, ProductID, Quantity, UnitPrice, Discount)
VALUES (324, 292, 2, 330.00, 5.00);
INSERT INTO OrderDetails (OrderID, ProductID, Quantity, UnitPrice, Discount)
VALUES (324, 271, 4, 320.00, 0.00);

-- OrderID 325 has random products
INSERT INTO OrderDetails (OrderID, ProductID, Quantity, UnitPrice, Discount)
VALUES (325, 287, 3, 340.00, 10.00);
INSERT INTO OrderDetails (OrderID, ProductID, Quantity, UnitPrice, Discount)
VALUES (325, 268, 2, 330.00, 5.00);

-- OrderID 326 has random products
INSERT INTO OrderDetails (OrderID, ProductID, Quantity, UnitPrice, Discount)
VALUES (326, 279, 4, 320.00, 0.00);
INSERT INTO OrderDetails (OrderID, ProductID, Quantity, UnitPrice, Discount)
VALUES (326, 284, 2, 350.00, 10.00);

-- OrderID 327 has random products
INSERT INTO OrderDetails (OrderID, ProductID, Quantity, UnitPrice, Discount)
VALUES (327, 300, 3, 330.00, 5.00);
INSERT INTO OrderDetails (OrderID, ProductID, Quantity, UnitPrice, Discount)
VALUES (327, 282, 4, 320.00, 0.00);

-- OrderID 328 has random products
INSERT INTO OrderDetails (OrderID, ProductID, Quantity, UnitPrice, Discount)
VALUES (328, 276, 1, 340.00, 10.00);
INSERT INTO OrderDetails (OrderID, ProductID, Quantity, UnitPrice, Discount)
VALUES (328, 290, 3, 310.00, 5.00);

-- OrderID 329 has random products
INSERT INTO OrderDetails (OrderID, ProductID, Quantity, UnitPrice, Discount)
VALUES (329, 303, 5, 350.00, 0.00);
INSERT INTO OrderDetails (OrderID, ProductID, Quantity, UnitPrice, Discount)
VALUES (329, 276, 2, 330.00, 10.00);

-- OrderID 330 has random products
INSERT INTO OrderDetails (OrderID, ProductID, Quantity, UnitPrice, Discount)
VALUES (330, 268, 4, 320.00, 5.00);
INSERT INTO OrderDetails (OrderID, ProductID, Quantity, UnitPrice, Discount)
VALUES (330, 300, 3, 340.00, 0.00);

-- OrderID 331 has random products
INSERT INTO OrderDetails (OrderID, ProductID, Quantity, UnitPrice, Discount)
VALUES (331, 285, 2, 330.00, 10.00);
INSERT INTO OrderDetails (OrderID, ProductID, Quantity, UnitPrice, Discount)
VALUES (331, 276, 1, 350.00, 5.00);

-- OrderID 332 has random products
INSERT INTO OrderDetails (OrderID, ProductID, Quantity, UnitPrice, Discount)
VALUES (332, 283, 3, 340.00, 0.00);
INSERT INTO OrderDetails (OrderID, ProductID, Quantity, UnitPrice, Discount)
VALUES (332, 292, 2, 320.00, 5.00);

-- OrderID 333 has random products
INSERT INTO OrderDetails (OrderID, ProductID, Quantity, UnitPrice, Discount)
VALUES (333, 290, 4, 330.00, 0.00);
INSERT INTO OrderDetails (OrderID, ProductID, Quantity, UnitPrice, Discount)
VALUES (333, 276, 3, 340.00, 10.00);

-- OrderID 334 has random products
INSERT INTO OrderDetails (OrderID, ProductID, Quantity, UnitPrice, Discount)
VALUES (334, 282, 5, 320.00, 0.00);
INSERT INTO OrderDetails (OrderID, ProductID, Quantity, UnitPrice, Discount)
VALUES (334, 271, 2, 330.00, 5.00);

-- OrderID 335 has random products
INSERT INTO OrderDetails (OrderID, ProductID, Quantity, UnitPrice, Discount)
VALUES (335, 284, 1, 340.00, 10.00);
INSERT INTO OrderDetails (OrderID, ProductID, Quantity, UnitPrice, Discount)
VALUES (335, 290, 3, 350.00, 5.00);

-- OrderID 336 has random products
INSERT INTO OrderDetails (OrderID, ProductID, Quantity, UnitPrice, Discount)
VALUES (336, 283, 4, 320.00, 0.00);
INSERT INTO OrderDetails (OrderID, ProductID, Quantity, UnitPrice, Discount)
VALUES (336, 276, 2, 330.00, 5.00);

-- OrderID 337 has random products
INSERT INTO OrderDetails (OrderID, ProductID, Quantity, UnitPrice, Discount)
VALUES (337, 292, 5, 310.00, 0.00);
INSERT INTO OrderDetails (OrderID, ProductID, Quantity, UnitPrice, Discount)
VALUES (337, 276, 3, 350.00, 10.00);

-- OrderID 338 has random products
INSERT INTO OrderDetails (OrderID, ProductID, Quantity, UnitPrice, Discount)
VALUES (338, 282, 2, 340.00, 5.00);
INSERT INTO OrderDetails (OrderID, ProductID, Quantity, UnitPrice, Discount)
VALUES (338, 279, 1, 330.00, 0.00);

-- OrderID 339 has random products
INSERT INTO OrderDetails (OrderID, ProductID, Quantity, UnitPrice, Discount)
VALUES (339, 290, 3, 350.00, 0.00);
INSERT INTO OrderDetails (OrderID, ProductID, Quantity, UnitPrice, Discount)
VALUES (339, 268, 4, 320.00, 10.00);



-- Inventory data for ProductID 265 to 314
INSERT INTO Inventory (ProductID, Location, StockQuantity, LastRestocked)
VALUES (265, 'Warehouse A', 120, TO_DATE('2024-01-15', 'YYYY-MM-DD'));
INSERT INTO Inventory (ProductID, Location, StockQuantity, LastRestocked)
VALUES (266, 'Warehouse B', 150, TO_DATE('2024-02-01', 'YYYY-MM-DD'));
INSERT INTO Inventory (ProductID, Location, StockQuantity, LastRestocked)
VALUES (267, 'Warehouse C', 80, TO_DATE('2024-03-10', 'YYYY-MM-DD'));
INSERT INTO Inventory (ProductID, Location, StockQuantity, LastRestocked)
VALUES (268, 'Warehouse A', 200, TO_DATE('2024-01-20', 'YYYY-MM-DD'));
INSERT INTO Inventory (ProductID, Location, StockQuantity, LastRestocked)
VALUES (269, 'Warehouse B', 90, TO_DATE('2024-02-12', 'YYYY-MM-DD'));
INSERT INTO Inventory (ProductID, Location, StockQuantity, LastRestocked)
VALUES (270, 'Warehouse C', 50, TO_DATE('2024-03-15', 'YYYY-MM-DD'));
INSERT INTO Inventory (ProductID, Location, StockQuantity, LastRestocked)
VALUES (271, 'Warehouse A', 110, TO_DATE('2024-01-25', 'YYYY-MM-DD'));
INSERT INTO Inventory (ProductID, Location, StockQuantity, LastRestocked)
VALUES (272, 'Warehouse B', 180, TO_DATE('2024-02-18', 'YYYY-MM-DD'));
INSERT INTO Inventory (ProductID, Location, StockQuantity, LastRestocked)
VALUES (273, 'Warehouse C', 160, TO_DATE('2024-03-20', 'YYYY-MM-DD'));
INSERT INTO Inventory (ProductID, Location, StockQuantity, LastRestocked)
VALUES (274, 'Warehouse A', 130, TO_DATE('2024-01-30', 'YYYY-MM-DD'));
INSERT INTO Inventory (ProductID, Location, StockQuantity, LastRestocked)
VALUES (275, 'Warehouse B', 140, TO_DATE('2024-02-25', 'YYYY-MM-DD'));
INSERT INTO Inventory (ProductID, Location, StockQuantity, LastRestocked)
VALUES (276, 'Warehouse C', 120, TO_DATE('2024-03-05', 'YYYY-MM-DD'));
INSERT INTO Inventory (ProductID, Location, StockQuantity, LastRestocked)
VALUES (277, 'Warehouse A', 200, TO_DATE('2024-01-10', 'YYYY-MM-DD'));
INSERT INTO Inventory (ProductID, Location, StockQuantity, LastRestocked)
VALUES (278, 'Warehouse B', 180, TO_DATE('2024-02-15', 'YYYY-MM-DD'));
INSERT INTO Inventory (ProductID, Location, StockQuantity, LastRestocked)
VALUES (279, 'Warehouse C', 70, TO_DATE('2024-03-25', 'YYYY-MM-DD'));
INSERT INTO Inventory (ProductID, Location, StockQuantity, LastRestocked)
VALUES (280, 'Warehouse A', 90, TO_DATE('2024-01-05', 'YYYY-MM-DD'));
INSERT INTO Inventory (ProductID, Location, StockQuantity, LastRestocked)
VALUES (281, 'Warehouse B', 160, TO_DATE('2024-02-20', 'YYYY-MM-DD'));
INSERT INTO Inventory (ProductID, Location, StockQuantity, LastRestocked)
VALUES (282, 'Warehouse C', 130, TO_DATE('2024-03-30', 'YYYY-MM-DD'));
INSERT INTO Inventory (ProductID, Location, StockQuantity, LastRestocked)
VALUES (283, 'Warehouse A', 150, TO_DATE('2024-01-15', 'YYYY-MM-DD'));
INSERT INTO Inventory (ProductID, Location, StockQuantity, LastRestocked)
VALUES (284, 'Warehouse B', 110, TO_DATE('2024-02-10', 'YYYY-MM-DD'));
INSERT INTO Inventory (ProductID, Location, StockQuantity, LastRestocked)
VALUES (285, 'Warehouse C', 170, TO_DATE('2024-03-01', 'YYYY-MM-DD'));
INSERT INTO Inventory (ProductID, Location, StockQuantity, LastRestocked)
VALUES (286, 'Warehouse A', 140, TO_DATE('2024-01-20', 'YYYY-MM-DD'));
INSERT INTO Inventory (ProductID, Location, StockQuantity, LastRestocked)
VALUES (287, 'Warehouse B', 120, TO_DATE('2024-02-05', 'YYYY-MM-DD'));
INSERT INTO Inventory (ProductID, Location, StockQuantity, LastRestocked)
VALUES (288, 'Warehouse C', 160, TO_DATE('2024-03-10', 'YYYY-MM-DD'));
INSERT INTO Inventory (ProductID, Location, StockQuantity, LastRestocked)
VALUES (289, 'Warehouse A', 100, TO_DATE('2024-01-25', 'YYYY-MM-DD'));
INSERT INTO Inventory (ProductID, Location, StockQuantity, LastRestocked)
VALUES (290, 'Warehouse B', 180, TO_DATE('2024-02-28', 'YYYY-MM-DD'));
INSERT INTO Inventory (ProductID, Location, StockQuantity, LastRestocked)
VALUES (291, 'Warehouse C', 120, TO_DATE('2024-03-15', 'YYYY-MM-DD'));
INSERT INTO Inventory (ProductID, Location, StockQuantity, LastRestocked)
VALUES (292, 'Warehouse A', 160, TO_DATE('2024-01-30', 'YYYY-MM-DD'));
INSERT INTO Inventory (ProductID, Location, StockQuantity, LastRestocked)
VALUES (293, 'Warehouse B', 130, TO_DATE('2024-02-12', 'YYYY-MM-DD'));
INSERT INTO Inventory (ProductID, Location, StockQuantity, LastRestocked)
VALUES (300, 'Warehouse C', 110, TO_DATE('2024-03-20', 'YYYY-MM-DD'));
INSERT INTO Inventory (ProductID, Location, StockQuantity, LastRestocked)
VALUES (301, 'Warehouse A', 180, TO_DATE('2024-01-10', 'YYYY-MM-DD'));
INSERT INTO Inventory (ProductID, Location, StockQuantity, LastRestocked)
VALUES (302, 'Warehouse B', 70, TO_DATE('2024-02-22', 'YYYY-MM-DD'));
INSERT INTO Inventory (ProductID, Location, StockQuantity, LastRestocked)
VALUES (303, 'Warehouse C', 150, TO_DATE('2024-03-25', 'YYYY-MM-DD'));
INSERT INTO Inventory (ProductID, Location, StockQuantity, LastRestocked)
VALUES (304, 'Warehouse A', 130, TO_DATE('2024-01-20', 'YYYY-MM-DD'));
INSERT INTO Inventory (ProductID, Location, StockQuantity, LastRestocked)
VALUES (305, 'Warehouse B', 160, TO_DATE('2024-02-18', 'YYYY-MM-DD'));
INSERT INTO Inventory (ProductID, Location, StockQuantity, LastRestocked)
VALUES (306, 'Warehouse C', 140, TO_DATE('2024-03-10', 'YYYY-MM-DD'));
INSERT INTO Inventory (ProductID, Location, StockQuantity, LastRestocked)
VALUES (307, 'Warehouse A', 120, TO_DATE('2024-01-12', 'YYYY-MM-DD'));
INSERT INTO Inventory (ProductID, Location, StockQuantity, LastRestocked)
VALUES (308, 'Warehouse B', 180, TO_DATE('2024-02-15', 'YYYY-MM-DD'));
INSERT INTO Inventory (ProductID, Location, StockQuantity, LastRestocked)
VALUES (309, 'Warehouse C', 100, TO_DATE('2024-03-05', 'YYYY-MM-DD'));
INSERT INTO Inventory (ProductID, Location, StockQuantity, LastRestocked)
VALUES (310, 'Warehouse A', 90, TO_DATE('2024-01-30', 'YYYY-MM-DD'));
INSERT INTO Inventory (ProductID, Location, StockQuantity, LastRestocked)
VALUES (311, 'Warehouse B', 150, TO_DATE('2024-02-25', 'YYYY-MM-DD'));
INSERT INTO Inventory (ProductID, Location, StockQuantity, LastRestocked)
VALUES (312, 'Warehouse C', 130, TO_DATE('2024-03-12', 'YYYY-MM-DD'));
INSERT INTO Inventory (ProductID, Location, StockQuantity, LastRestocked)
VALUES (313, 'Warehouse A', 200, TO_DATE('2024-01-18', 'YYYY-MM-DD'));
INSERT INTO Inventory (ProductID, Location, StockQuantity, LastRestocked)
VALUES (314, 'Warehouse B', 70, TO_DATE('2024-02-10', 'YYYY-MM-DD'));


-- Insert sample data into Employees table
INSERT INTO Employees (FirstName, LastName, Position, Department, HireDate, Salary)
VALUES ('John', 'Doe', 'Manager', 'Sales', TO_DATE('2020-01-15', 'YYYY-MM-DD'), 75000.00);
INSERT INTO Employees (FirstName, LastName, Position, Department, HireDate, Salary)
VALUES ('Jane', 'Smith', 'Developer', 'IT', TO_DATE('2019-06-10', 'YYYY-MM-DD'), 85000.00);
INSERT INTO Employees (FirstName, LastName, Position, Department, HireDate, Salary)
VALUES ('Michael', 'Johnson', 'Designer', 'Marketing', TO_DATE('2018-08-23', 'YYYY-MM-DD'), 65000.00);
INSERT INTO Employees (FirstName, LastName, Position, Department, HireDate, Salary)
VALUES ('Emily', 'Davis', 'HR Specialist', 'Human Resources', TO_DATE('2021-04-01', 'YYYY-MM-DD'), 55000.00);
INSERT INTO Employees (FirstName, LastName, Position, Department, HireDate, Salary)
VALUES ('David', 'Martinez', 'Data Analyst', 'Finance', TO_DATE('2022-02-18', 'YYYY-MM-DD'), 72000.00);
INSERT INTO Employees (FirstName, LastName, Position, Department, HireDate, Salary)
VALUES ('Sarah', 'Garcia', 'Project Manager', 'Operations', TO_DATE('2017-07-14', 'YYYY-MM-DD'), 90000.00);
INSERT INTO Employees (FirstName, LastName, Position, Department, HireDate, Salary)
VALUES ('James', 'Lee', 'Developer', 'IT', TO_DATE('2020-03-02', 'YYYY-MM-DD'), 78000.00);
INSERT INTO Employees (FirstName, LastName, Position, Department, HireDate, Salary)
VALUES ('Olivia', 'Wilson', 'Marketing Specialist', 'Marketing', TO_DATE('2021-05-20', 'YYYY-MM-DD'), 60000.00);
INSERT INTO Employees (FirstName, LastName, Position, Department, HireDate, Salary)
VALUES ('William', 'Taylor', 'Engineer', 'Engineering', TO_DATE('2019-11-30', 'YYYY-MM-DD'), 95000.00);
INSERT INTO Employees (FirstName, LastName, Position, Department, HireDate, Salary)
VALUES ('Sophia', 'Moore', 'Customer Support', 'Customer Service', TO_DATE('2022-09-05', 'YYYY-MM-DD'), 48000.00);
INSERT INTO Employees (FirstName, LastName, Position, Department, HireDate, Salary)
VALUES ('Alexander', 'Thomas', 'Chief Executive Officer', 'Executive', TO_DATE('2015-12-01', 'YYYY-MM-DD'), 150000.00);
INSERT INTO Employees (FirstName, LastName, Position, Department, HireDate, Salary)
VALUES ('Ava', 'Jackson', 'Product Manager', 'Product Development', TO_DATE('2020-10-10', 'YYYY-MM-DD'), 86000.00);
INSERT INTO Employees (FirstName, LastName, Position, Department, HireDate, Salary)
VALUES ('Lucas', 'White', 'Financial Advisor', 'Finance', TO_DATE('2021-01-28', 'YYYY-MM-DD'), 71000.00);
INSERT INTO Employees (FirstName, LastName, Position, Department, HireDate, Salary)
VALUES ('Mia', 'Harris', 'Sales Representative', 'Sales', TO_DATE('2023-05-16', 'YYYY-MM-DD'), 53000.00);
INSERT INTO Employees (FirstName, LastName, Position, Department, HireDate, Salary)
VALUES ('Ethan', 'Clark', 'Marketing Director', 'Marketing', TO_DATE('2016-09-22', 'YYYY-MM-DD'), 100000.00);
INSERT INTO Employees (FirstName, LastName, Position, Department, HireDate, Salary)
VALUES ('Isabella', 'Lewis', 'Operations Coordinator', 'Operations', TO_DATE('2022-11-13', 'YYYY-MM-DD'), 60000.00);
INSERT INTO Employees (FirstName, LastName, Position, Department, HireDate, Salary)
VALUES ('Henry', 'Walker', 'Customer Support Lead', 'Customer Service', TO_DATE('2021-03-01', 'YYYY-MM-DD'), 55000.00);
INSERT INTO Employees (FirstName, LastName, Position, Department, HireDate, Salary)
VALUES ('Charlotte', 'Young', 'Legal Advisor', 'Legal', TO_DATE('2017-02-20', 'YYYY-MM-DD'), 95000.00);
INSERT INTO Employees (FirstName, LastName, Position, Department, HireDate, Salary)
VALUES ('Sebastian', 'King', 'Operations Manager', 'Operations', TO_DATE('2018-12-12', 'YYYY-MM-DD'), 95000.00);
INSERT INTO Employees (FirstName, LastName, Position, Department, HireDate, Salary)
VALUES ('Amelia', 'Scott', 'Executive Assistant', 'Executive', TO_DATE('2023-01-09', 'YYYY-MM-DD'), 48000.00);
INSERT INTO Employees (FirstName, LastName, Position, Department, HireDate, Salary)
VALUES ('Oliver', 'Adams', 'Software Engineer', 'IT', TO_DATE('2020-06-07', 'YYYY-MM-DD'), 82000.00);
-- Insert more sample data into Employees table
INSERT INTO Employees (FirstName, LastName, Position, Department, HireDate, Salary)
VALUES ('Mason', 'Perez', 'Business Analyst', 'Strategy', TO_DATE('2020-04-25', 'YYYY-MM-DD'), 75000.00);
INSERT INTO Employees (FirstName, LastName, Position, Department, HireDate, Salary)
VALUES ('Liam', 'Roberts', 'Content Manager', 'Marketing', TO_DATE('2019-03-14', 'YYYY-MM-DD'), 65000.00);
INSERT INTO Employees (FirstName, LastName, Position, Department, HireDate, Salary)
VALUES ('Ella', 'Gonzalez', 'Social Media Coordinator', 'Marketing', TO_DATE('2021-07-02', 'YYYY-MM-DD'), 53000.00);
INSERT INTO Employees (FirstName, LastName, Position, Department, HireDate, Salary)
VALUES ('Benjamin', 'Hernandez', 'Operations Analyst', 'Operations', TO_DATE('2022-01-22', 'YYYY-MM-DD'), 70000.00);
INSERT INTO Employees (FirstName, LastName, Position, Department, HireDate, Salary)
VALUES ('Jack', 'Carter', 'Sales Manager', 'Sales', TO_DATE('2018-11-11', 'YYYY-MM-DD'), 90000.00);
INSERT INTO Employees (FirstName, LastName, Position, Department, HireDate, Salary)
VALUES ('Grace', 'Mitchell', 'Supply Chain Manager', 'Supply Chain', TO_DATE('2019-02-28', 'YYYY-MM-DD'), 85000.00);
INSERT INTO Employees (FirstName, LastName, Position, Department, HireDate, Salary)
VALUES ('Logan', 'Robinson', 'Chief Operating Officer', 'Executive', TO_DATE('2016-01-10', 'YYYY-MM-DD'), 120000.00);
INSERT INTO Employees (FirstName, LastName, Position, Department, HireDate, Salary)
VALUES ('Zoe', 'Evans', 'Customer Success Manager', 'Customer Service', TO_DATE('2021-09-03', 'YYYY-MM-DD'), 62000.00);
INSERT INTO Employees (FirstName, LastName, Position, Department, HireDate, Salary)
VALUES ('Aiden', 'Walker', 'HR Manager', 'Human Resources', TO_DATE('2017-04-25', 'YYYY-MM-DD'), 75000.00);
INSERT INTO Employees (FirstName, LastName, Position, Department, HireDate, Salary)
VALUES ('Chloe', 'Hall', 'Data Scientist', 'IT', TO_DATE('2020-11-01', 'YYYY-MM-DD'), 95000.00);
INSERT INTO Employees (FirstName, LastName, Position, Department, HireDate, Salary)
VALUES ('Nathan', 'Allen', 'Accountant', 'Finance', TO_DATE('2018-09-15', 'YYYY-MM-DD'), 67000.00);
INSERT INTO Employees (FirstName, LastName, Position, Department, HireDate, Salary)
VALUES ('Lily', 'King', 'Legal Counsel', 'Legal', TO_DATE('2019-05-18', 'YYYY-MM-DD'), 95000.00);
INSERT INTO Employees (FirstName, LastName, Position, Department, HireDate, Salary)
VALUES ('Jameson', 'Green', 'IT Specialist', 'IT', TO_DATE('2021-12-09', 'YYYY-MM-DD'), 80000.00);
INSERT INTO Employees (FirstName, LastName, Position, Department, HireDate, Salary)
VALUES ('Victoria', 'Martinez', 'Director of Operations', 'Operations', TO_DATE('2017-06-22', 'YYYY-MM-DD'), 110000.00);
INSERT INTO Employees (FirstName, LastName, Position, Department, HireDate, Salary)
VALUES ('Mia', 'Clark', 'Operations Analyst', 'Operations', TO_DATE('2022-08-04', 'YYYY-MM-DD'), 70000.00);
INSERT INTO Employees (FirstName, LastName, Position, Department, HireDate, Salary)
VALUES ('Matthew', 'Davis', 'Engineer', 'Engineering', TO_DATE('2020-02-14', 'YYYY-MM-DD'), 90000.00);
INSERT INTO Employees (FirstName, LastName, Position, Department, HireDate, Salary)
VALUES ('Harper', 'Young', 'Business Development Manager', 'Sales', TO_DATE('2021-01-17', 'YYYY-MM-DD'), 75000.00);
INSERT INTO Employees (FirstName, LastName, Position, Department, HireDate, Salary)
VALUES ('Evelyn', 'Thomas', 'Corporate Trainer', 'HR', TO_DATE('2019-07-10', 'YYYY-MM-DD'), 58000.00);
INSERT INTO Employees (FirstName, LastName, Position, Department, HireDate, Salary)
VALUES ('Owen', 'Lopez', 'Product Designer', 'Product Development', TO_DATE('2021-03-23', 'YYYY-MM-DD'), 78000.00);
INSERT INTO Employees (FirstName, LastName, Position, Department, HireDate, Salary)
VALUES ('Mason', 'Graham', 'Operations Coordinator', 'Operations', TO_DATE('2021-11-14', 'YYYY-MM-DD'), 62000.00);

-- Transactions table data
-- The following inserts will cover TransactionIDs for each OrderID from 242 to 351.

INSERT INTO Transactions (OrderID, PaymentDate, PaymentMethod, Amount) VALUES
(242, TO_TIMESTAMP('2024-01-06 10:10:00', 'YYYY-MM-DD HH24:MI:SS'), 'Credit Card', 500.00),
(243, TO_TIMESTAMP('2024-01-06 10:40:00', 'YYYY-MM-DD HH24:MI:SS'), 'PayPal', 300.00),
(244, TO_TIMESTAMP('2024-01-06 11:10:00', 'YYYY-MM-DD HH24:MI:SS'), 'Credit Card', 250.00),
(245, TO_TIMESTAMP('2024-01-06 11:40:00', 'YYYY-MM-DD HH24:MI:SS'), 'Bank Transfer', 400.00),
(246, TO_TIMESTAMP('2024-01-06 12:10:00', 'YYYY-MM-DD HH24:MI:SS'), 'Credit Card', 175.60),
(247, TO_TIMESTAMP('2024-01-06 12:40:00', 'YYYY-MM-DD HH24:MI:SS'), 'Debit Card', 220.00),
(248, TO_TIMESTAMP('2024-01-06 13:00:00', 'YYYY-MM-DD HH24:MI:SS'), 'PayPal', 130.75),
(249, TO_TIMESTAMP('2024-01-06 13:30:00', 'YYYY-MM-DD HH24:MI:SS'), 'Credit Card', 360.00),
(250, TO_TIMESTAMP('2024-01-06 14:00:00', 'YYYY-MM-DD HH24:MI:SS'), 'Bank Transfer', 300.00),
(251, TO_TIMESTAMP('2024-01-06 14:30:00', 'YYYY-MM-DD HH24:MI:SS'), 'Credit Card', 550.50),
(252, TO_TIMESTAMP('2024-01-06 15:00:00', 'YYYY-MM-DD HH24:MI:SS'), 'PayPal', 480.00),
(253, TO_TIMESTAMP('2024-01-06 15:30:00', 'YYYY-MM-DD HH24:MI:SS'), 'Debit Card', 210.00),
(254, TO_TIMESTAMP('2024-01-06 16:00:00', 'YYYY-MM-DD HH24:MI:SS'), 'Credit Card', 370.00),
(255, TO_TIMESTAMP('2024-01-06 16:30:00', 'YYYY-MM-DD HH24:MI:SS'), 'PayPal', 320.00),
(256, TO_TIMESTAMP('2024-01-06 17:00:00', 'YYYY-MM-DD HH24:MI:SS'), 'Bank Transfer', 440.00),
(257, TO_TIMESTAMP('2024-01-06 17:30:00', 'YYYY-MM-DD HH24:MI:SS'), 'Credit Card', 310.00),
(258, TO_TIMESTAMP('2024-01-06 18:00:00', 'YYYY-MM-DD HH24:MI:SS'), 'Debit Card', 250.00),
(259, TO_TIMESTAMP('2024-01-06 18:30:00', 'YYYY-MM-DD HH24:MI:SS'), 'PayPal', 210.00),
(260, TO_TIMESTAMP('2024-01-06 19:00:00', 'YYYY-MM-DD HH24:MI:SS'), 'Credit Card', 380.00),
(261, TO_TIMESTAMP('2024-01-06 19:30:00', 'YYYY-MM-DD HH24:MI:SS'), 'Bank Transfer', 460.00),
(262, TO_TIMESTAMP('2024-01-06 20:00:00', 'YYYY-MM-DD HH24:MI:SS'), 'PayPal', 250.00),
(263, TO_TIMESTAMP('2024-01-06 20:30:00', 'YYYY-MM-DD HH24:MI:SS'), 'Credit Card', 480.00),
(264, TO_TIMESTAMP('2024-01-06 21:00:00', 'YYYY-MM-DD HH24:MI:SS'), 'Debit Card', 370.00),
(265, TO_TIMESTAMP('2024-01-06 21:30:00', 'YYYY-MM-DD HH24:MI:SS'), 'Bank Transfer', 200.00),
(266, TO_TIMESTAMP('2024-01-06 22:00:00', 'YYYY-MM-DD HH24:MI:SS'), 'Credit Card', 540.00),
(267, TO_TIMESTAMP('2024-01-06 22:30:00', 'YYYY-MM-DD HH24:MI:SS'), 'PayPal', 320.00),
(268, TO_TIMESTAMP('2024-01-06 23:00:00', 'YYYY-MM-DD HH24:MI:SS'), 'Debit Card', 150.00),
(269, TO_TIMESTAMP('2024-01-06 23:30:00', 'YYYY-MM-DD HH24:MI:SS'), 'Credit Card', 290.00),
(270, TO_TIMESTAMP('2024-01-07 00:00:00', 'YYYY-MM-DD HH24:MI:SS'), 'PayPal', 310.00),
(271, TO_TIMESTAMP('2024-01-07 00:30:00', 'YYYY-MM-DD HH24:MI:SS'), 'Credit Card', 220.00),
(272, TO_TIMESTAMP('2024-01-07 01:00:00', 'YYYY-MM-DD HH24:MI:SS'), 'Debit Card', 150.00),
(273, TO_TIMESTAMP('2024-01-07 01:30:00', 'YYYY-MM-DD HH24:MI:SS'), 'Bank Transfer', 480.00),
(274, TO_TIMESTAMP('2024-01-07 02:00:00', 'YYYY-MM-DD HH24:MI:SS'), 'PayPal', 360.00),
(275, TO_TIMESTAMP('2024-01-07 02:30:00', 'YYYY-MM-DD HH24:MI:SS'), 'Credit Card', 500.00),
(276, TO_TIMESTAMP('2024-01-07 03:00:00', 'YYYY-MM-DD HH24:MI:SS'), 'Bank Transfer', 400.00),
(277, TO_TIMESTAMP('2024-01-07 03:30:00', 'YYYY-MM-DD HH24:MI:SS'), 'PayPal', 210.00),
(278, TO_TIMESTAMP('2024-01-07 04:00:00', 'YYYY-MM-DD HH24:MI:SS'), 'Debit Card', 380.00),
(279, TO_TIMESTAMP('2024-01-07 04:30:00', 'YYYY-MM-DD HH24:MI:SS'), 'Credit Card', 290.00),
(280, TO_TIMESTAMP('2024-01-07 05:00:00', 'YYYY-MM-DD HH24:MI:SS'), 'PayPal', 340.00),
(281, TO_TIMESTAMP('2024-01-07 05:30:00', 'YYYY-MM-DD HH24:MI:SS'), 'Debit Card', 230.00),
(282, TO_TIMESTAMP('2024-01-07 06:00:00', 'YYYY-MM-DD HH24:MI:SS'), 'Bank Transfer', 360.00),
(283, TO_TIMESTAMP('2024-01-07 06:30:00', 'YYYY-MM-DD HH24:MI:SS'), 'Credit Card', 250.00),
(284, TO_TIMESTAMP('2024-01-07 07:00:00', 'YYYY-MM-DD HH24:MI:SS'), 'PayPal', 500.00),
(285, TO_TIMESTAMP('2024-01-07 07:30:00', 'YYYY-MM-DD HH24:MI:SS'), 'Debit Card', 150.00),
(286, TO_TIMESTAMP('2024-01-07 08:00:00', 'YYYY-MM-DD HH24:MI:SS'), 'Bank Transfer', 450.00),
(287, TO_TIMESTAMP('2024-01-07 08:30:00', 'YYYY-MM-DD HH24:MI:SS'), 'Credit Card', 300.00),
(288, TO_TIMESTAMP('2024-01-07 09:00:00', 'YYYY-MM-DD HH24:MI:SS'), 'PayPal', 400.00),
(289, TO_TIMESTAMP('2024-01-07 09:30:00', 'YYYY-MM-DD HH24:MI:SS'), 'Debit Card', 220.00),
(290, TO_TIMESTAMP('2024-01-07 10:00:00', 'YYYY-MM-DD HH24:MI:SS'), 'Credit Card', 510.00),
(291, TO_TIMESTAMP('2024-01-07 10:30:00', 'YYYY-MM-DD HH24:MI:SS'), 'Bank Transfer', 380.00),
(292, TO_TIMESTAMP('2024-01-07 11:00:00', 'YYYY-MM-DD HH24:MI:SS'), 'PayPal', 320.00),
(293, TO_TIMESTAMP('2024-01-07 11:30:00', 'YYYY-MM-DD HH24:MI:SS'), 'Debit Card', 180.00),
(294, TO_TIMESTAMP('2024-01-07 12:00:00', 'YYYY-MM-DD HH24:MI:SS'), 'Credit Card', 220.00),
(295, TO_TIMESTAMP('2024-01-07 12:30:00', 'YYYY-MM-DD HH24:MI:SS'), 'PayPal', 260.00),
(296, TO_TIMESTAMP('2024-01-07 13:00:00', 'YYYY-MM-DD HH24:MI:SS'), 'Bank Transfer', 300.00),
(297, TO_TIMESTAMP('2024-01-07 13:30:00', 'YYYY-MM-DD HH24:MI:SS'), 'Credit Card', 350.00),
(298, TO_TIMESTAMP('2024-01-07 14:00:00', 'YYYY-MM-DD HH24:MI:SS'), 'Debit Card', 250.00),
(299, TO_TIMESTAMP('2024-01-07 14:30:00', 'YYYY-MM-DD HH24:MI:SS'), 'PayPal', 190.00),
(300, TO_TIMESTAMP('2024-01-07 15:00:00', 'YYYY-MM-DD HH24:MI:SS'), 'Credit Card', 420.00),
(301, TO_TIMESTAMP('2024-01-07 15:30:00', 'YYYY-MM-DD HH24:MI:SS'), 'Bank Transfer', 500.00),
(302, TO_TIMESTAMP('2024-01-07 16:00:00', 'YYYY-MM-DD HH24:MI:SS'), 'Debit Card', 280.00),
(303, TO_TIMESTAMP('2024-01-07 16:30:00', 'YYYY-MM-DD HH24:MI:SS'), 'PayPal', 310.00),
(304, TO_TIMESTAMP('2024-01-07 17:00:00', 'YYYY-MM-DD HH24:MI:SS'), 'Credit Card', 350.00),
(305, TO_TIMESTAMP('2024-01-07 17:30:00', 'YYYY-MM-DD HH24:MI:SS'), 'Bank Transfer', 240.00),
(306, TO_TIMESTAMP('2024-01-07 18:00:00', 'YYYY-MM-DD HH24:MI:SS'), 'PayPal', 180.00),
(307, TO_TIMESTAMP('2024-01-07 18:30:00', 'YYYY-MM-DD HH24:MI:SS'), 'Credit Card', 420.00),
(308, TO_TIMESTAMP('2024-01-07 19:00:00', 'YYYY-MM-DD HH24:MI:SS'), 'Debit Card', 300.00),
(309, TO_TIMESTAMP('2024-01-07 19:30:00', 'YYYY-MM-DD HH24:MI:SS'), 'Bank Transfer', 270.00),
(310, TO_TIMESTAMP('2024-01-07 20:00:00', 'YYYY-MM-DD HH24:MI:SS'), 'PayPal', 350.00),
(311, TO_TIMESTAMP('2024-01-07 20:30:00', 'YYYY-MM-DD HH24:MI:SS'), 'Credit Card', 400.00),
(312, TO_TIMESTAMP('2024-01-07 21:00:00', 'YYYY-MM-DD HH24:MI:SS'), 'Debit Card', 220.00),
(313, TO_TIMESTAMP('2024-01-07 21:30:00', 'YYYY-MM-DD HH24:MI:SS'), 'Bank Transfer', 310.00),
(314, TO_TIMESTAMP('2024-01-07 22:00:00', 'YYYY-MM-DD HH24:MI:SS'), 'Credit Card', 500.00);

